uid,body,title,url,newspaper_uid,host,n_tokens_title,n_tokens_body
d677f228e7ba6e45d842604be33ffb91," Ignacio Ambriz salió feliz por la victoria, pero no se puede quedarse con eso, León se vio abajo en el marcador ante Gallos y eso lo deja intranquilo.  ""Las distracciones nos están costando goles, pero rescato la reacción y el carácter que tiene mi equipo porque nos sobrepusimos a una desventaja de 2-1 para llevarnos la victoria"". Elogió al rival: “Me gusta el trabajo que hace Querétaro, y me voy contento por los tres puntos. El campeonato cada vez se pone más exigente, pero siempre es mejor corregir ganando que perdiendo y tengo confianza en que este equipo aún puede mejorar"". Puedes leer: ""León rescata el triunfo ante Querétaro"" Negó que el rival lo haya sorprendido: “Lo habíamos estudiado bien; Querétaro es un rival que exige y se defiende adecuadamente"". Lo extraño que es jugar bajo la pandemia de Covid-19, ha propiciado que “no sea fácil tomar ritmo de competencia, hemos tenido altibajos; nos falta regularidad, jugamos a lapsos bien y después dejamos reaccionar al rival, pero estamos trabajando para conseguir ese equilibrio futbolístico"". Del juego comentó: “El primer tiempo lo dominamos bien , pero en el segundo lapso los Gallos cambiaron su parado y nos metieron en problemas, pero lo más importante es que tuvimos para reaccionar y llevarnos la victoria"".    ",leon saco el caracter tras vencer queretaro acepta ignacio ambriz,https://www.eluniversal.com.mx/universal-deportes/futbol/leon-saco-el-caracter-tras-vencer-queretaro-acepta-ignacio-ambriz,eluniversal,www.eluniversal.com.mx,9,106
135f4dabeb7ad02e188c337fefb2ffe5," Debido a el brote de Covid-19 que azotó al equipo de los Xolos de Tijuana, se tuvieron que hacer varios cambios de último minuto. Sobretodo en el cuerpo técnico. El equipo tijuanense reportó que cuatro jugadores y tres miembros del cuerpo técnico resultaron positivos antes del juego ante Cruz Azul y por eso no estuvieron en el campo. Puedes leer: ""Xolos con siete casos de Covid-19 previo al juego ante Cruz Azul; Pablo Guede en la lista"" Se dio a conocer el nombre de Pablo Guede, el director técnico, y dos miembros más del cuerpo técnico, como contagiados, que se suponen son Damián Timpiani, auxiliar técnico y el preparador físico Jonathan Cisternas, así que no había nadie que se hiciera cargo del equipo en el juego ante los cementeros. Así que los Xolos se tuvieron que sacar de la manga a un nuevo técnico, y resultó que tuvieron que echar mano del director de sus academias, Ignacio Ruvalcaba, que hizo su debut de fuego con pocas horas de aviso. Ruvalcaba fue registrado como auxiliar técnico para este juego. Todo por la culpa del Covid.         ",por covid 19 xolos cambia guede por director de sus escuelitas,https://www.eluniversal.com.mx/universal-deportes/futbol/por-covid-19-xolos-cambia-guede-por-director-de-sus-escuelitas,eluniversal,www.eluniversal.com.mx,6,95
7f063a139871defe012e48b7eadee0a3," Era más fácil cuando el Presidente era el Gran Censor. El Presidente miraba el único noticiario de la noche y le podía reclamar al conductor el color de su corbata.  No había más que una Verdad, la aprobada por el Presidente, y a menudo era mentira.   Cuando entramos a la Democracia, el Estado soltó las bridas de los medios. Creímos que entrábamos a la era dorada de la Verdad real. Cada nota periodística se apegaría a la realidad, centimétricamente.  Pues no. Los dueños de los medios descubrieron el extraordinario valor de la Verdad y empezaron a venderla al mejor postor. En especial las televisoras cobraron (y cobran) millonadas por una nota fabricada de rabo a rabo y transmitida en los noticiarios de horario triple A.  Entonces, la súbita aparición de las redes abrió otro extenso espacio para la Verdad, pura y llana. Pero salvo excepciones notorias, los periodistas de las redes no eran de verdad periodistas, sino opinadores.  Y mientras los periodistas se daban al arduo y humilde trabajo de construir verdades, los muchos opinadores opinaron que cualquier mentira, inventada en un rapto de inspiración, se vuelve una Verdad si sobrepasa el millón de likes.  Llegamos pues, tras esta introducción de verdad innecesaria, al anuncio del magno evento que sucederá la próxima semana. Un avión se estrellará contra el Monumento a la Revolución y en su explosión los pasajeros volarán entre el fuego y la chatarra.  De inmediato, surgirán cuatro Verdades, desde las televisoras y desde youtube.  Uno. Se tratará de un avión espía de Rusia, accidentado a medio vuelo.  Dos. Se tratará de una provocación de Enrique Krauze contra el Presidente.  Tres. Se tratará del avión de Presidente, que no pudo ser rifado, y se quiso desaparecer.  Cuatro. Se tratará de un avión lleno de muertos de COVID, instalados ahí para mermar las cuentas de mortandad de la pandemia.  La Verdad nadie la sabremos en México, porque La Verdad es un edificio fincado en un pueblo de Siberia: un edificio de ocho pisos repletos de bots, entre los que una tercera parte habla el español.  En ese edificio llamado La Verdad se diseñó la operación del choque aéreo y de las múltiples verdades que la refieren. La meta no fue otra que la confusión de los mexicanos y su enrielamiento en la noción de que la Verdad no es accesible. Que cada quién tiene su Verdad. Que la Verdad de cada quién es tan verdadera como la de su compadre.  ¿Verdad? No, mentira. En realidad ahora mismo que se está diseñando el maligno plan en Siberia, un teniente ruso le pregunta a un capitán qué para qué es el plan.  —Capitán —pregunta (en ruso) el teniente— ¿desde cuándo los rusos queremos confundir a los mexicanos, si ya lo están?  —Caramba —contesta ahora mismo el capitán, rascándose la mollera—, se me ha perdido esa Verdad.  Así que estimado lector, lectora, descansen: entre las pesadillas que ocurrirán la próxima semana, no sucederá el avionazo contra el Monumento de la Revolución y no lloverán muertos contra el pavimento.  Lo que sí, caerá un meteorito que hundirá a Coyoacán.  ",la verdad en mi humilde opinion,https://www.eluniversal.com.mx//opinion/sabina-berman/la-verdad-en-mi-humilde-opinion,eluniversal,www.eluniversal.com.mx,3,250
154b50191bd30964ae510a07a1a723d3," Malcolm Brown impuso una marca personal al correr para 79 yardas con dos touchdowns, Jared Goff tuvo 275 yardas por aire y los Rams de Los Ángeles inauguran el nuevo SoFi Stadium con un triunfo el domingo 20-17 sobre los Cowboys de Dallas. Robert Woods terminó con seis recepciones para 105 yardas para ayudar a los Rams a colocar su registro en 4-0 en el primer juego de la campaña bajo la tutela de Sean McVay y arruinar el debut de Mike McCarthy, el nuevo entrenador de Dallas en una década. Ezekiel Elliot corrió para 96 yardas y una anotación y tuvo otra recepción de touchdown, pero los Cowboys iniciaron una campaña de altas expectativas con la baja de tres titulares por lesión en la primera mitad e incapaces de concretar una remontada en un cuarto periodo en el que ninguno de los dos equipos logró puntos. Dak Prescott pasó para 266 yardas y un touchdown, pero Dallas apenas logró tres puntos en sus seis ofensivas de la segunda mitad. Michael Gallup logró una larga recepción que habría puesto a Dallas en posición de conectar un gol de campo a 21 segundos del final, pero fue castigado con interferencia de pase ofensiva por su contacto sobre Jalen Ramsey.   ",nfl rams vence dallas y arruina el debut de mike mccarthy,https://www.eluniversal.com.mx/universal-deportes/futbol-americano/nfl-rams-vence-dallas-y-arruina-el-debut-de-mike-mccarthy,eluniversal,www.eluniversal.com.mx,8,109
a686dbfe828e0bb74c329f7ae94ec44e,"  Rosario Piedra Ibarra, titular de la Comisión Nacional de Derechos Humanos (CNDH), no podrá escaparse por un pasadizo como lo hizo en el Senado el jueves pasado y así evitar los cuestionamientos de los reporteros. Nos cuentan que el próximo lunes, Piedra Ibarra tendrá un encuentro virtual con los integrantes de la Comisión de Derechos Humanos de la Cámara de Diputados, informó su presidente, Hugo Rafael Ruiz. Nos describen que hay varios legisladores de oposición que acudirán a este encuentro con la espada desenvainada, pues tienen muchos cuestionamientos de su administración, sobre todo por la toma de su edificio sede en el centro de la capital del país de parte de un grupo de feministas. Sin embargo, lo que quizá Piedra Ibarra sí podrá hacer es no responder a ninguna pregunta y escudarse en los legisladores de su partido, como lo hizo en la Cámara de Senadores.  ¿Atole con el dedo a las víctimas?  Cuando el gobierno federal creó el Mecanismo Extraordinario de Identificación Forense (MEIF), con el que pretende disminuir los casos de desaparición, todo era miel sobre hojuelas con los familiares de víctimas, sin embargo, nos cuentan que en el paquete económico 2021 este organismo ni siquiera apareció. Esto trajo un mal sabor de boca para las organizaciones civiles que ahora temen que el MEIF sólo haya sido creado en el papel y que ni siquiera cuente con un peso para operar. Un augurio de los especialistas es que la Secretaría de Gobernación le podría dar recursos, pero eso no se compara con que este organismo tenga su partida propia o que incluso tenga acceso a recursos ilimitados, como lo prometió Olga Sánchez Cordero, secretaria de Gobernacion, el pasado 5 de diciembre del 2019.  Hasta secretarios de Estado venden cachitos  Se acerca la esperada fecha para la rifa del avión presidencial, pero todavía faltan muchos cachitos que nomás no se venden, pese a los esfuerzos que ha hecho el Gobierno Federal para venderlos. Tan desesperada está la 4T que ayer por la tarde la titular de la Secretaría del Trabajo, Luisa María Alcalde, hizo un llamado —al terminar la conferencia en la que se presentan los avances de los Programas del Bienestar, que ella dirige— para que las personas “se animen” a comprar sus cachitos. Con su boleto en mano habló además de los beneficios que estas ventas traen para la población. Ya sólo falta que salgan a la calle a vocear la rifa que no es rifa.  El FCE y la marihuana  En cada una de las librerías que dependen del Fondo de Cultura Económica (FCE) se ha colocado una mesa en donde se difunde el cómic denominado “Marihuana para principiantes”, con el patrocinio del Instituto Hemisférico en colaboración con la senadora Jesusa Rodríguez. La intención del cómic, publicado desde el año pasado, es desmitificar el uso de la marihuana. Nos dicen que, de esta forma, queda muy claro cuáles son las prioridades del director del Fondo, Paco Ignacio Taibo II.   Rosario Piedra vs. lawmakers        ",rosario piedra ya no podra escurrirse,https://www.eluniversal.com.mx//opinion/periodistas-el-universal/rosario-piedra-ya-no-podra-escurrirse,eluniversal,www.eluniversal.com.mx,4,241
ed98c4a3d6a1279e2fadb3151480eb8b,"  Como médico y epidemiólogo graduado en Johns Hopkins, López-Gatell conoce el difícil camino a seguir para elaborar una vacuna. Las vacunas son productos médicos maravillosos, no artilugios políticos.  El 9 de septiembre, la prensa informó: “Landsteiner Scientific, empresa cien por ciento mexicana, confirmó el acuerdo de cooperación con el Fondo e Inversión Directa de Rusia para un potencial acceso a 32 millones de vacunas para su distribución en México, ‘en caso de resultar exitosos los estudios fase III de la vacuna Sputnik V’ ”. El comentario del laboratorio sorprende: Putin anunció hace pocos días la aprobación de la vacuna e incluso publicitó que se la había aplicado a su hija. Si aún la vacuna no ha superado la fase III, ¿por qué no se deslinda el gobierno mexicano de su probable uso en la población?  Elaborar una vacuna es un proceso complejo. Su aprobación tarda “mucho tiempo” y la mayoría de las veces involucra a empresas privadas y gobiernos. Sucintamente, antes de la aprobación, las pruebas deben primero someterse a etapas preclínicas las cuales se llevan a cabo en laboratorios por medio de cultivos de tejidos o de células vivas, así como pruebas en animales para evaluar la seguridad de la vacuna y la capacidad de provocar una respuesta inmunológica. De ahí sigue la fase I, la cual involucra estudios clínicos con humanos. La vacuna se aplica a pequeños grupos, usualmente 80 personas, y la finalidad primordial es su seguridad. De ser satisfactoria la respuesta se sigue a la fase II que incluye a personas sanas y algunas proclives a contraer la enfermedad. Por último se llega a la fase III. En esta etapa se incluyen decenas de miles de enfermos de diversos países; las pruebas son aleatorias y a doble ciego, es decir, a unos candidatos se les aplica la vacuna y a otros placebo —sustancias inertes, como agua salina— con el fin de comparar el desarrollo de anticuerpos contra el virus. En esta fase, la cual en ocasiones incluye hasta 60 mil personas, se estudian, en caso de haberlos, efectos adversos tal y como ocurrió hace días en Oxford, cuyos investigadores trabajaban en conjunto con Astra Zeneca para crear una vacuna; durante la fase III un enfermo desarrolló mielitis transversa.  Trump y Putin tienen semejanzas, la principal es su afán desmedido y enfermo por el poder. El dueño de EU aseguró que la vacuna estará disponible este año, quizás antes de noviembre 3, día de las elecciones. Mientras tanto, Putin, con su astucia kgbiana (de KGB) ya inyectó a su hija.  El doctor López-Gatell ha leído, además de a Gramsci, tal y como lo señaló cuando habló de la selección de futbol y sus fracasos haciendo un parangón, sotto voce, con los sucesos actuales en México, la revista The Lancet, espacio indispensable en la vida de médica. The Lancet se publica cada semana, desde 1823, en el Reino Unido y es una de las revistas más citadas en el mundo médico.  En septiembre 4, The Lancet dedicó dos páginas a la vacuna rusa, The Russian vaccine for Covid-19 (La vacuna rusa para Covid-19). Comparto unas líneas: “En agosto 11, Putin anunció el éxito y la aprobación de la vacuna.. cuando se aprobó no se había iniciado la fase III sin siquiera haber publicado resultados previos… hay razones para pensar que la vacuna se aprobó por razones de nacionalismo… si Sputnik V no es eficaz o produce efectos colaterales durante la fase III podría afectar la percepción del público sobre la vacuna, e incluso, si no funciona podría agravar la pandemia… no se debería aplicar hasta que se determine si genera una respuesta inmunológica protectora”.  The Lancet no miente. La vacuna rusa aún no ha superado la fase III. Falta “mucho” para cerrar la investigación. Aunque López-Gatell ha señalado que el gobierno mexicano nada tiene qué ver con la empresa Landsteiner Scientific, debería, a la vez, comentar acerca de la inviabilidad de la vacuna y oponerse públicamente a su probable uso hasta terminar la fase III.  Médico y escritor    ",vacuna covid mexico y rusia,https://www.eluniversal.com.mx//opinion/arnoldo-kraus/vacuna-covid-mexico-y-rusia,eluniversal,www.eluniversal.com.mx,4,357
043dcdf92d2ff0d473f8e300ca06b22b,"  Cuando George W. Bush llegó a la presidencia de Estados Unidos, estaba en su apogeo un discurso que conminaba a las personas a pensar positivamente, y les aseguraba que de esa manera conseguirían que les fuera bien en la vida, que se hicieran realidad sus deseos y hasta ser felices, algo que por cierto, como explica Pascal Bruckner, se convirtió en un deber: había que vivir en la euforia perpetua. Si te dices a tí mismo que las cosas están bien, las cosas estarán bien; si te dices que puedes, entonces puedes. A los niños y a los trabajadores se les debía decir que son maravillosos aunque fueran flojos o tontos. Hoy no cumpliste pero mañana seguro harás tu tarea muy bien, ¿verdad Juanito? Si se quería ser rico o famoso o hermoso, solo había que desearlo de verdad y listo, seguro sucedería.  Bush se creyó tanto esto, que definía su propio trabajo como mandatario dedicado principalmente a inspirar confianza, dispersar dudas e inflamar el espíritu nacional de autocongratulación. Y obligaba a sus colaboradores a lo mismo, sin permitirles manifestar ninguna preocupación o duda. Incluso después del atentado del 11 de septiembre, siguió afirmando que todos los problemas se iban a resolver.  Esta parece ser la misma receta que se nos está aplicando a los mexicanos: si te digo una y otra vez que eres pueblo bueno, a lo mejor y hasta te lo crees y serás bueno. Si te digo que gracias a que te has portado muy bien como ciudadano estamos controlando la pandemia, seguramente lo vas a creer y entonces la podremos controlar. Si digo que los jóvenes dejarán la delincuencia porque se les van a dar oportunidades de estudiar y trabajar, seguro ellos van a preferir esto que aquello. Si insisto una y otra vez en que vamos bien, en que la seguridad ha mejorado, en que los delitos han disminuído, esto se hará realidad.  El discurso del Presidente sigue punto por punto este modelo pedagógico para los demás y sicológico para sí mismo, que consiste en decir una y otra vez lo que se desea y estar convencido de que así se volverá realidad.  Por eso el mandatario puede afirmar cosas como “me siento satisfecho de lo alcanzado”, “la epidemia pierde intensidad”, “la economía se está recuperando”, “esto que hemos hecho es un modelo inédito en el mundo”, “estamos mucho mejor que otros países”, “el pueblo de México está feliz”.  Como afirma Barbara Ehrnreich, según ésta filosofía, los pensamientos positivos harán que las cosas sean buenas. No es necesario hacer análisis, calcular riesgos, prever presupuestos y escenarios, escuchar a los que saben, pues basta con ser optimista. Y quienes no lo ven así, son conservadores, amargados consigo mismos y tóxicos con los demás.  Pero lamentablemente, las cosas no son tan sencillas. La historia se lo demostró a Bush: los periodistas de la revista Newsweek le advirtieron que se preparaba un atentado pero no los escuchó. Varios estudiosos le advirtieron del huracán Katrina y de la crisis financiera que estalló en 2008, pero no los escuchó. No los quiso escuchar porque ello iba en contra de su visión según la cual “todo estará bien durante mi mandato”.  Como dice Karen Cerulo: “Pensar positivo impide estar preparados e incluso invita al desastre” pues no te permite ver las señales ni prepararte para los problemas, lo que a fin de cuentas, es siempre el mejor camino, aunque no suene tan tranquilizador ni tan bonito.  Escritora e investigadora en la UNAM.[email protected]www.sarasefchovich.com ",metafora 19 viva el optimismo,https://www.eluniversal.com.mx//opinion/sara-sefchovich/metafora-19-viva-el-optimismo,eluniversal,www.eluniversal.com.mx,3,292
f54a47eb870ede057b722c18eaab7c0c," Ante la pausa a las investigaciones de la vacuna contra el coronavirus que desarrolla Astrazeneca, en conjunto con la Universidad de Oxford y en la que tiene participación México, Alejandro Macías, quien fue comisionado nacional para la Prevención y Control de la Influenza en 2009, indicó que por fortuna se estudian otras. Si bien los ensayos de la dosis ya se reanudaron, “el zar de la influenza” dijo en entrevista con EL UNIVERSAL que la suspensión era una mala noticia porque en esa vacuna se tiene situada una de las mayores esperanzas porque “es una de las mejores estudiadas”.  Antes de la reanudación de los ensayos de Astrazeneca, puntualizó que el estudio seguía, más no el reclutamiento de nuevos pacientes, luego de que uno presentó mielitis transversa como reacción a la dosis.     Astra Zeneca anuncia que reinicia la vacunación de Covid 19 en el Reino Unido una vez que el comité independiente lo ha permitido al considerar que se puede hacer con seguridad.  — Alejandro Macias (@doctormacias) September 12, 2020  También lee: Oxford y AstraZeneca reanudan ensayos de su vacuna contra el Covid “Saber si el efecto colateral que encontraron está relacionado con una vacuna es suficientemente grave para detenerla definitivamente, ojalá no sea así. Eso no lo puede determinar ni siquiera la propia compañía, eso lo tiene que determinar un comité independiente”, señaló.  El infectólogo dijo que si hay un velo de duda en esta dosis, “ese mismo velo de duda va a cubrir la propia vacuna de Rusia” Sputnik 5, que de acuerdo con la Secretaría de Relaciones Exteriores, nuestro país recibirá el suministro de al menos 32 millones. “La vacuna de Rusia se parece mucho a esta. Es una vacuna de adenovirus, es un virus vector. Nada más que Rusia, francamente, había rebasado por la derecha”, señaló. Refirió que se había dictaminado que se trataba de vacuna completamente estudiada, “cuando  la verdad es que no estaba completamente estudiada” pues tenía apenas estudio de fase uno y fase dos cuando ya planeaban ponerla a miles de personas. Señaló que en este caso, la Comisión Federal para la Protección contra Riesgos Sanitarios (Cofepris), que es la autoridad regulatoria, “tendrá que detener eso mientras no haya una evidencia de que es una vacuna bien estudiada”. También lee: Rusia distribuye primer lote de vacuna ""Sputnik-V"" contra Covid-19 “Si hay duda sobre una vacuna de un adenovirus, habría que hacerse con mucho cuidado”, apuntó.  “Yo creo que en estos momentos, no es una vacuna que sea suficientemente bien estudiada para brindar seguridad”, puntualizó y agregó que la Cofepris debería detener su llegada, sobre todo por lo que sucede con la de Astrazeneca**.  “No quiero decir que la vacuna de adenovirus necesariamente sea insegura, pero hay que ver que sean seguras para poderlas aprobar”, dijo.    Ante el planteamiento de exsecretarios de Salud de los sexenios de Vicente Fox, Felipe Calderón y Enrique Peña Nieto para que el Gobierno cambie la estrategia encabezada por el subsecretario de Prevención y Promoción de la Salud, Hugo López-Gatell, Macías vio estas propuestas para frenar la pandemia como un intento de aportar a la solución.  Aunque Salomón Chertorivski, José Ángel Córova Villalobos, Mercedes Juan, Julio Frenk y Guillermo Soberón han sido criticados por presentar el plan medio año después de que comenzó la pandemia, el doctor Macías refirió que “las cosas siempre se pueden hacer mejor”.  “Si ahora hay una propuesta para hacer unas cosas mejor, por lo menos escucharlas, entenderlas y en lo posible, si se les considera, aplicarlas. “Independientemente de cómo se ha hecho ahora, hay que hacer una recomendación sin ambigüedades”, expresó. También lee: ¿Quién obtendrá primero la vacuna contra Covid-19, cuánto costará y quién la recibirá primero? Asimismo, dijo estar de acuerdo en que no sirve únicamente hacer más pruebas, pero si se tienen que realizar, deben ser reportadas rápidamente.  “En la medida en que las pruebas se hagan, aunadas a una acción de salud pública, está bien. Eso se puede mejorar también, es una buena propuesta que hagamos pruebas, que se reporten rápidamente y se reporten tempranamente y se busquen a los contactos”, dijo.  Señaló que el tema no debe ser político y las propuestas deben tener un fundamento científico.  El doctor Macías llamó a usar e intensificar el uso del cubrebocas, que debería ser de orden nacional, así como a aplicarse la vacuna de la Influenza ante la llegada de la enfermedad en los próximos meses.  “La pandemia llegó para quedarse un buen rato”, dijo “el zar de la influenza” y refirió que no es que vaya a desaparecer, pero sí va a disminuir su incidencia en algunas zonas.  “Falta que todavía entren muchas ciudades, inclusive falta que se ruralice en buena medida en México, como pasa en Estados Unidos”, declaró al mencionar un rebrote. ed ",vacuna rusa cofepris deberia detener su llegada mexico zar de la influenza,https://www.eluniversal.com.mx//nacion/vacuna-rusa-cofepris-deberia-detener-su-llegada-mexico-zar-de-la-influenza,eluniversal,www.eluniversal.com.mx,9,399
d546d13c0fac33db670ca876b2ae2f8f," A mi papá le regalaron un telescopio que, en comparación con los que conocíamos, era enorme. Apasionado por su nueva visión del universo se quedaba hasta la madrugada, durante los fines de semana en Cuernavaca, acompañado de mis dos hermanos menores enfundados en cobijas, explorando el firmamento en búsqueda de una mejor visión de la luna, las estrellas y los planetas. Al día siguiente durante el desayuno, entusiasmados, platicaban sobre las maravillas que habían divisado: “Hoy en la noche te voy a enseñar una estrella como nunca la has visto, su brillo te va a impresionar. El telescopio es tan potente que hemos podido ver de cerca una estrella impresionante, no lo vas a creer”, me dijo mi papá, quien desde que éramos muy pequeños solía llenarnos la mente con ilusiones y pintarnos un escenario de la vida optimista y prometedor. Y era tan buen vendedor —a eso se dedicó toda la vida— que lo que él dijera para nosotros era ley.  Tendría yo unos 14 años y lo único que me interesaba entonces eran las amigas, los niños y las fiestas, no los astros. Pero esa noche acudí a la cita para ver la estrella maravillosa de la que mi papá hablaba. Una vez ahí, “los expertos” se tardaron horas en analizar, acomodar la lente, ajustar la posición del telescopio, el enfoque, ¡qué se yo! Cansada y cuando estaba a punto de desesperarme y abandonarlos, exclamó “¡Aquí esta! Ven rápido para que no la perdamos de vista. Me levanté tan rápido como pude, pegué el ojo a la lente y sí, en efecto, ¡vi un brillo espectacular!, era como un diamante enorme que titilaba... Me golpeó el misterio, el silencio sin tiempo y la vastedad del universo.  Lo que sentí al ver esa imagen hoy puedo compararlo con el momento en que vi, por vez primera, a cada uno de mis hijos al nacer; cuando me di cuenta de que estaba en verdad enamorada de Pablo; cuando vi la luz del amanecer pegarle a una montaña nevada que se reflejaba en un lago y que me tomó por sorpresa al salir a caminar.  En fin, momentos de eternidad que todos hemos tenido y que nos permiten vislumbrar por segundos otras dimensiones de la vida. Estar presente Pero mi estado catatónico de esa noche en Cuernavaca duró unos segundos. Lo cortaron las risas burlonas de mis hermanos y de mi papá al comprobar que había caído en la trampa de una visión falsa, producida al desenfocar el telescopio para darme la grandiosa estrella —lo que a ellos con seguridad también les había pasado. Una vez que ajustaron la lente, la estrella se veía tan pequeña como a simple vista. Gran decepción. No importa.  Aunque la imagen era falsa abrió una puerta dentro de mí que desconocía. El resquicio hacia la existencia de algo mucho mayor a mi persona y al mundo tangible. Como si hubiera entrado por unos segundos a la eternidad. Hoy comprendo que fue la emoción de estar absolutamente presente y desear no perderme de nada lo que provocó la magia. Puedo comprender también que estar presente es la salida a las angustias que causa la mente, a las preocupaciones que vivimos, a la ansiedad ante las múltiples disyuntivas que se presentan. No es que las cosas vayan a cambiar, la vida es la vida, lo que cambia es nuestra postura ante lo que vivimos.  Desde esa posición de conciencia aprendemos a navegar los tiempos difíciles; ver las cosas más claras y con mayor empatía; conectarnos con la belleza y con el dolor que la vida nos ofrece para honrarla y vivirla plenamente con sus altas y bajas. Sí, estar presente es la salida. Como escribió Pablo Neruda: “Puedes recolectar todas las flores, pero no puedes detener la primavera”. ",un momento de eternidad,https://www.eluniversal.com.mx//opinion/gaby-vargas/un-momento-de-eternidad,eluniversal,www.eluniversal.com.mx,2,286
b2e4e253720242cc20f9d21d113987cc,"  El mensaje de Michel Franco, tras ganar ayer el Gran Premio del Jurado en el Festival Internacional de Cine en Venecia con su filme Nuevo orden, es claro: el gobierno mexicano no debe dejar de apoyar al cine nacional.  Desde abril, las producciones locales se encuentran en riesgo, pues desapareció el Foprocine, fondo que apoyaba principalmente cintas de autor y óperas primas y, la semana pasada, Mario Delgado, coordinador de Morena en la Cámara de Diputados, dijo que el Fidecine, responsable de cintas de filmes de corte comercial sería estudiado, pese a su promesa de no desaparecerlo e incrementar su presupuesto.  “Lo digo de la manera más positiva posible y clara, en el festival de Venecia, en Cannes, nos ha ido muy bien, no hay que echar para atrás nada de lo que tanto tiempo ha tomado construir”, dijo vía telefónica, a EL UNIVERSAL, al término de la ceremonia con respecto también a la propuesta de reducir más de 40 millones de pesos al Imcine en 2021.  Nuevo orden, una cinta distópica que inicia con boda en el seno de una familia de clase alta, mientras en las calles se desarrolla una revuelta social por la desigualdad existente, ganó dos premios en la llamada Mostra pues, un día antes del premio oficial, obtuvo el Leoncino de Oro por parte del Jurado Joven.  También lee: Vamos a evaluar futuro de Fidecine: Mario Delgado  “El León sí está pesado, va a tener que haber otra maleta”, comentó bromista.  El galardón lo mandará a México con un amigo, pues él se quedará en Europa para ser jurado del Festival de San Sebastián, España, donde Nuevo orden se proyectará fuera de competencia en la sección Perlas. Luego viajará a Zurich, para regresar a tierra nacional el mes próximo.  “Me dijeron (los miembros del jurado) que estaban impresionandos con la cinta y que fue cerrada la votación” Michel Frnaco, cineasta    El Jurado de la edición 2020 de Venecia fue presidido por la actriz Cate Blanchett (Jazmin azul).  El León de Oro a Mejor Película recayó en la estadounidense Nomadland, de Chloé Zhao, mientras que el premio a Mejor Dirección fue para el japonés Kiyoshi Kurosawa por Spy no tsuma.  Esta fue la primera vez que Franco, ganador continuo en Cannes con Después de Lucía, Chronic y Las hijas de Abril, acude como realizador a Venecia, el festival más antiguo del mundo y ahora primero en realizar una edición presencial, dentro de la pandemia ocasionada por el Covid.  “Me dijeron (el jurado) que estaban impresionandos con la película y fue cerrada (la votación) al final; nos llevamos el León de plata y eso es bueno, la que ganó seguramente es una maravillosa película”, comentó.  A la premiación asistieron los actores de Nuevo orden, Naian González Norvid, Darío Yazbek y Diego Boneta, así como la coproductora Cristina Velasco.  ORGULLO MEXICANO  La aventura veneciana tuvo un final feliz, con dos premios para Nuevo orden.   Festejo. Michel es felicitado por Cate Blanchett y Matt Dillon, miembros del jurado  Cronología  El cine mexicano y el Festival de Venecia tienen larga historia.  1947 La perla. Gran premio Internacional y Mejor fotografía (Gabriel Figueroa).    1965 Simón del desierto. Pemio Especial del Jurado y el Fipresci.  1996 Profundo carmesí. Gana en Guión y Diseño de produccción.    2001 Y tu mamá también. Premio Marcello Mastroianni y Guión para los Cuarón.  2006 Niños del hombre. Se lleva el Laterna Magica Prize.  2007 La zona. Luigi de Laurentis, Cinema Awerine y el de la Ciudad de Roma.    2013 Gravedad. Le otorgan el premio Future Film Festival Digital.  2016 La región salvaje. León de plata para su director Amat Escalante.   ",michel franco pide la 4t no danar al cine,https://www.eluniversal.com.mx//espectaculos/michel-franco-pide-la-4t-no-danar-al-cine,eluniversal,www.eluniversal.com.mx,5,335
e8bf1ccb66106535441c7c8c30178ef4," A los expresidentes mexicanos se les puede calificar de varias maneras: irrelevantes, constructivos, disfuncionales, etc. En estos días la atención se ha centrado en Felipe Calderón por su empeño en seguir jugando un papel protagónico pese a lo cuestionado de su sexenio. En el país que inventó el presidencialismo —el vecino del norte— los expresidentes asumen que ya son historia, se retiran y se dedican a obras de caridad, a dar conferencias o a construir la biblioteca que albergará sus enormes archivos. La excepción son Barack Obama y su esposa, que se han visto empujados a romper el molde y meterse de nuevo al activismo político al considerar que su país está en una crisis muy profunda. En México el papel de los exjefes del gobierno y del Estado ha sido variado en extremo. En el inicio de la vida independiente de México, el carácter de exjefe del Estado fue realmente peligroso; Agustín de Iturbide y Vicente Guerrero perdieron la vida por ello, Miguel Miramón y Maximiliano fueron fusilados e Ignacio Comonfort murió por heridas recibidas tras un choque con guerrillas conservadoras. Ya en el siglo XX, Victoriano Huerta fue puesto preso en Texas y murió ahí. Álvaro Obregón logró imponer su reelección, pero fue asesinado antes de volver a asumir el mando. Otros, y para no correr riesgos, optaron por el exilio temporal o permanente, como fue el caso de Porfirio Díaz, los tres expresidentes de la Convención de Aguascalientes, de Adolfo de la Huerta, Plutarco Elías Calles, Salinas de Gortari, Ernesto Zedillo y hoy de Peña Nieto. Antonio López de Santa Anna fue un caso extremo, presidente varias veces entre 1833 y 1855, nunca se resignó a vivir sin poder. Ni sus rotundas derrotas militares frente a texanos, norteamericanos y liberales ni sus exilios le hicieron desistir de su empeño; ofreció su espada lo mismo a liberales que a conservadores, a Juárez que a Maximiliano y poco antes de su muerte a los 82 años, y para mantenerle en alto la moral, su esposa pagaba a personas que fingían consultarle altos asuntos de política. Durante la pax priista se impuso la regla de la “autonomía sexenal”: al final de su mandato, quienes habían ocupado el centro del escenario político lo abandonaban de inmediato y sólo si un presidente en funciones lo permitía o sugería, desempeñaba por voluntad o fuerza algún papel secundario. La II Guerra Mundial llevó a que se nombrara a Cárdenas comandante de la región militar del Pacífico (Abelardo Rodríguez lo fue de la del Golfo) y luego secretario de Defensa. Cárdenas, como Miguel Alemán, siguieron hasta el final de sus vidas como discretos animadores de sendas corrientes y proyectos de izquierda y de derecha respectivamente pero dentro de los límites del sistema. Echeverría y Díaz Ordaz fueron nombrados embajadores. Con el final del régimen priista se abrió el abanico de posibilidades para los expresidentes. Una es dejar el país y dedicarse a la docencia y a múltiples consejerías de empresas privadas a la Ernesto Zedillo, otra es seguir operando en las sombras, a la Carlos Salinas de Gortari, otra es hacer declaraciones a diestra y siniestra a la Vicente Fox, también pueden intentar labrarse un lugar en la oposición incluso si tienen varios flancos muy débiles, a la Felipe Calderón o perderse en el extranjero perseguidos por acusaciones de corrupciones a la Peña Nieto. Andrés Manuel López Obrador, consciente del tema, ya se ha comprometido a retirarse por entero de la vida pública al término de su mandato. Y es que revivir el principio de la autonomía sexenal en un contexto diferente al que le dio origen no parece una mala opción, tanto para el personaje como para el país.   [email protected] ",los expresidentes y sus papeles,https://www.eluniversal.com.mx//opinion/lorenzo-meyer/los-expresidentes-y-sus-papeles,eluniversal,www.eluniversal.com.mx,2,319
c0044a9b11309f8d40b2481a870f1538," En la actualidad es desfasado y absurdo hablar de padrones rasurados y trampas electorales que existieron en el pasado, pero ya están superadas, dijo el presidente del Instituto Nacional Electoral (INE) Lorenzo Córdova Vianello. En un mensaje que difundió a través de sus redes sociales, el consejero presidente del INE dijo que el país ya ha superado las viejas trampas electorales del pasado, gracias a la incorporación de la tecnología en las elecciones.  “Resulta desfasado y absurdo hablar de padrones rasurados, ratón loco, muertos que votan, otras trampas que formaron parte de una triste pintoresca electoral que existió en el pasado, pero que afortunadamente se superó gracias al trabajo de varias generaciones de mexicanos”, dijo.  También lee: Advierte Córdova que la autonomía electoral está en riesgo ""La corresponsabilidad y madurez democrática de ciudadanos y partidos nos está permitiendo avanzar con pasos firmes en la construcción de las elecciones (...) seguirán siendo fundamentales de cara al proceso electoral más grande y complejo de nuestra historia"".  El INE declaró la semana pasada que el padrón electoral y las listas nominales que se utilizarán en las elecciones de Coahuila e Hidalgo, en las que participarán 4 millones de personas en octubre próximo, serán válidas y definitivas. Córdova Vianello explicó que el instituto verificó y depuró los datos de los electores que participarán en las elecciones estatales de Coahuila e Hidalgo, y en las intermedias de 2021; los partidos políticos presentaron 25 mil observaciones sobre domicilios irregulares o registros duplicados, de las cuales sólo 18 fueron procedentes. También lee: Lorenzo Córdova llama a participar en el proceso electoral 2020-2021    El padrón electoral y la lista nominal de electores, junto con la credencial para votar con fotografía, son los instrumentos que mejor reflejan los avances logrados en la democracia mexicana, para dotarla de certeza, credibilidad y legitimidad. pic.twitter.com/EQTH7AckPE  — Lorenzo Córdova V. (@lorenzocordovav) September 13, 2020  rmlgv ",hablar de padrones rasurados es obsoleto ine,https://www.eluniversal.com.mx/nacion/hablar-de-padrones-rasurados-es-obsoleto-ine,eluniversal,www.eluniversal.com.mx,5,168
a1b9f64f58d174734cc7dcf9e86f6983," 0 % PULSO SOCIAL0 Chocolate hay para todos los gustos: dulce, amargo, exótico, tradicional, en bebida, en tableta, con caramelo...¡uff! Podríamos estar todo el día enumerando estos manjares, pero seguro ya te sabes la lista de memoria y es que en el Día Internacional del Chocolate, que se celebra cada 13 de septiembre, no puede faltar degustar una o varios postres de chocolate. A pesar de que todos lo amamos, el chocolate aún esconde muchos secretos. Desde su trayecto de América hasta Europa con la Conquista, ha sido uno de los ingredientes favoritos del público, gracias a su delicioso sabor y textura. Si eres un amante del chocolate, te retamos a que no se te antoje un bocado luego de leer estos 10 deliciosos datos sobre este delicioso dulce en su día: 1. Charlie y la Fábrica de Chocolate El día internacional del chocolate se celebra el 13 de septiembre de cada año. La fecha se escogió porque es el día en el que nació Roald Dahl, autor de Charlie y la Fábrica de Chocolate. Como pura coincidencia, Milton S. Hershey, creador de Hershey Chocolate Company, también nació un 13 de septiembre. 2. ¿Qué fue primero, los churros o los picatostes? Todos hemos probado un delicioso chocolate caliente con churros. Pero el antecesor del churro eran los “picatostes”. Se trata de una manera de aprovechar el pan endurecido friéndolo y remojándolo en la deliciosa bebida.  Los picatostes aún se venden en Europa. (Foto: Tamorlan/Wikicommons) 3. El metate afrodisíaco En España se creía que el chocolate tenía propiedades afrodisíacas si se preparaba con un metate. Ésto, porque su esencia se mezclaba con el sudor de quién lo molía. Si lo hacían de manera mecánica, se perdía el resultado erótico. 4. Poderes sanadores Anteriormente el jarabe de chocolate se usaba como ingrediente principal de muchas medicinas. Los expertos creían que las sustancias dulces tenían poderes sedativos.  Inhalar chocolate, la nueva moda para ""recargarte"" de energía 5. Raíces mexicanas Se cree que los primeros en domesticar el cacao y emplearlo fueron los olmecas, en lo que hoy es México. Después, el conocimiento pasó a manos de los aztecas y los mayas.  En los códices mayas quedó registrada la importancia del chocolate. (Foto: Wikicommons)   6. La confusión de Cristobal Colón En el cuarto viaje al continente americano, Cristobal Colón interceptó a un barco en Honduras. Colón le exigió a los navegantes mostrar su cargamento, donde había cacao. En un inicio, el explorador lo confundió con almendras y no le prestó mayor importancia. 7. Fue despreciado por un rey En 1520, Hernán Cortés viaja a la misma zona en donde había estado Colón. Lo acompaña Fray Jerónimo, un experto en botánica que descubre y prepara el chocolate caliente con la receta de los indígenas. Cuando se la ofrecen a beber al rey Carlos I, este se niega, ya que la bebida era usada para rituales fuera del cristianismo. 8. Se prohibió en público Cuando el chocolate se popularizó en España, se vendía en las calles, ya que la gente no acostumbraba prepararlo en casa. Fue tal la afición de los españoles por el chocolate caliente que la Corona decidió prohibir su consumo en público en 1644. La medida no tuvo resultados, ya que el público simplemente optó por consumirlo en sus hogares.  Foto: iStock 9. Alimento de Guerra Se dice que Hernán Cortes daba chocolate a su ejército durante la Conquista. De la misma forma, los soldados en la Segunda Guerra Mundial comían barras de este postre para mantener niveles altos de energía en la batalla. 10. El paraíso del chocolate En la Isla de Trinidad se encuentra la llamada ""Arca de Noé"" del cacao, donde se albergan más de 3,000 genotipos (variedades) de cacaotero diferentes.   Con información de Nestlé, ABC y Vanguardia TARJETA:         Ver esta publicación en Instagram  Desde el año pasado, el 2 de septiembre se celebra el Día Nacional del #Cacao y el #Chocolate en México y para esta fecha te contamos un poco acerca de una de las propiedades menos conocidas de este delicioso ingrediente Para más #curiosidades visita de10.com.mx y sigue nuestras redes sociales . . . . . . . #dulces #comida #gastronomía #delicioso Una publicación compartida de  De10.mx (@de10mx) el 2 Sep, 2020 a las 3:00 PDT    ",10 secretos cualidades y leyendas sobre el chocolate,https://de10.com.mx/vivir-bien/10-secretos-cualidades-y-leyendas-sobre-el-chocolate,eluniversal,de10.com.mx,4,344
e699ba17f822d2b45be1e06482e95c1d," A pesar de ser el movimiento base, popular, y el más importante de la historia contemporánea; Morena hoy en día no se ha colocado como un soporte del gobierno del Presidente Andrés Manuel López Obrador; ha sido un bulto, una carga para él, sostiene Alejandro Rojas Díaz Durán, aspirante a presidir al partido en el poder. “La dirigencia lo único que ha hecho es darnos atole con el dedo, voltearle la espalda al Presidente porque han visto un interés de grupo, una minoría radical, que no ha caminado con el proyecto de nación del presidente. Morena en vez de acompañarlo, de impulsarlo, que este a la vanguardia y que este abriéndole brecha, ha sido lo contrario”, afirma en entrevista con EL UNIVERSAL. Señala que el partido al cual busca dirigir, se ha enclaustrado en vez ir a recoger las demandas de la gente; tampoco tiene estructuras políticas electorales y organizativas de ningún tipo. Sobre su contrincante en la contienda, Porfirio Muñoz Ledo, Rojas Díaz Durán lo descarta como presidente de Morena porque son tiempos que necesitan de mayor energía para un cargo de esa naturaleza. “Esas épocas para él ya pasaron”, aunque no descarta aprovechar su lucidez para plantear el rumbo de la nueva Izquierda. Y advierte que detrás del expresidente de la Cámara de Diputados están los mismos que cerraron a Morena. “Están utilizando su prestigio para ganar, a Porfirio lo quieren convertir en el lobo con piel de Bertha”. También lee: Papá de “Checo” Pérez busca a AMLO para ser candidato de Morena  ¿Se percibe al partido dividido? El partido tiene dos años que ha sido un cáncer, que está haciendo metástasis, un crepúsculo encriptado, esta minoría radical es la está pudriendo a Morena. El partido se debate en dos visiones, una minoría radical golpista, autoritarios y antidemocráticos facciosos, y la otra una izquierda democrática, progresistas, vanguardistas, tolerantes, que no vemos a los empresarios como enemigos del pueblo; ésta verdadera izquierda hemos sido respetuosos de las libertades.  ¿Cuál cree que sea el error de Morena hasta éste momento? El gran error es que a Morena la han enclaustrado; el presidente López Obrador lo dijo muchas veces, que éste partido no tiene dueño, porque es de los ciudadanos, es su instrumento para la transformación pacifica del país. Pero a esta dirigencia no le conviene, ha traicionado los principios de Morena, no han permitido que ingrese el pueblo de México, cerraron la afiliación, no credencializaron a nadie, etc. El partido en estos dos años ha recibido no menos de 5 mil millones de pesos en prerrogativas, y con éste dinero cómo es posible que Morena no tenga oficinas de gestión social en cada municipio del país, de tener un programa de afiliación permanente y de credencialización, sin tener ahorita bien estructurado los comités del cambio verdadero; hoy en día se debería de tener bien organizado al partido, en todos los sectores sociales de la vida política, cultural y económica. Tampoco tiene estructuras políticas electorales y organizativas de ningún tipo, en vez ir a recoger las demandas de la gente, se enclaustro.  ¿Qué tan lejos está el partido del presidente de la República? La dirigencia lo único que ha hecho es darnos atole con el dedo, voltearle la espalda al Presidente porque han visto un interés de grupo, una minoría radical, que no ha caminado con el proyecto de nación del presidente. Morena en vez de acompañarlo, de impulsarlo, que este a la vanguardia y que este abriéndole brecha, ha sido lo contrario. También lee: Si Muñoz Ledo tiene pruebas de corrupción en elección de Morena, que denuncie: Delgado  ¿Está muy seguro de ganar la presidencia del partido? Así es. Si todo es por la vía democrática, sí les voy a ganar. Han sido muy autoritarios, como no tienen manera de detenerme, me han puesto obstáculos, pero les he ganado en todo lo que ellos han expuesto para quitarme, pero les he ganado, ni dicen la verdad, ni tiene la razón, mienten descaradamente. La base militar es muy leal, tienen un gran compromiso con el presidente, y la han abandonado; una de mis metas es poder credencializar a 10 millones de mexicanos, quiero hacer encuestas abiertas para elegir a los candidatos de Morena, que sean públicas, para que no haya duda, para que la gente decida quienes se merecen estar y quiénes no. El presidente (López Obrador) en su momento sugirió que se eligiera a sus dirigentes por medio de encuestas, ¿internas dentro del partido, o abiertas a la ciudadanía? Abiertas a la Ciudadanía, que los que quieran ir a votar tengan la libertar de hacerlo.   Al ser abiertas a la ciudadanía, ¿cómo será eso?, sí mucha gente no conoce a sus aspirantes, ni sus propuestas, o quizá a algunos no les interese ir a votar por ésto Yo estoy proponiendo, sí nos ponemos de acuerdo, que Bertha Lujan se bajó de la contienda, que Ramírez Cuellar que no haya pretexto en darle la vuelta en aceptar las encuestas, digámosle al nuevo INE (que ya no hay el por qué tenerle desconfianza), el INE no tendría que hacer las encuestas, que cada uno de nosotros proponga una encuestadora, avalada por el INE, para que no haya dudas, y que éste, vele por éste derecho a hacer encuestado y ser encuestable, porque es un derecho. También le estoy pidiendo al tribunal que le pida al INE que obligue a Morena a firmar un convenio con el INE y que éste organice, para que los candidatos nos obliguemos a proponer dos o tres encuestadoras, las más confiables, que cada quien proponga la suya, que sea dos o tres, porque éstas tienen que coincidir, será un método eficaz de transparencia.  ¿Cree que haya las condiciones adecuadas para llevarlas a cabo? Ciertamente ahorita no hay condiciones al 100%, lo indicado seria que sean encuestas presenciales, para que haya una muestra verdaderamente grande, me gustaría que se hicieran 100 mil cuestionarios para que no haya margen de error.  Empiezan las encuestas como lo propuso, ¿está conforme? El pretexto fue que iniciado el proceso electoral federal en septiembre ya no puede renovar la dirigencia de Morena, pero no conocen la Constitución, porque no hay nada que impida que Morena pueda elegir a sus dirigentes en octubre o en noviembre. Previsiblemente podamos estar en condiciones sanitarias a finales de octubre o principios de noviembre. El Tribunal electoral no puede dejar en la indefensión jurídica a Morena, porque un liderazgo, una dirigencia provisional no tiene la fuerza, ni la autoridad política, tampoco la representatividad para organizar las estructuras político-electoral y competir en el 2021, ésto, en el marco de equidad, de democracia, legalidad, y de transparencia, frente a las demás fuerzas políticas. Como Morena es un partido de nueva creación, el Tribunal y la autoridad del INE sabe que no tenemos estructuras organizativas político-electorales en el país, son 3,500 cargos que requieren de una base organizativa, y el Tribunal tiene que ayudar a Morena, a sus militantes, a sus simpatizantes, a todos los que votamos por esa fuerza política. También lee: Van 71 candidatos por la dirigencia de Morena  ¿Ha tenido contacto con los aspirantes a la presidencia del partido? Sí, he estado en dialogó con Mario Delgado y Yeidckol Polenvsky y los tres hemos coincidido en que el próximo dirigente de Morena tiene que ser a través de encuesta, estamos de acuerdo en lo que sugirió el mismo presidente, porque nadie más conoce a éste partido como su fundador, y uno de los estatutos dice que para elegir candidatos a elección popular, son encuestas abiertas, abiertas al pueblo de México.  Bertha Lujan se ha bajado de la contiendo ¿se esperaba? Tenía que ser así, doña Bertha es una extraordinaria mujer, con trayectoria impecable, honesta, honorable, yo la voy a sumar para que siga conduciendo el Consejo Nacional, y para que nos ayude a constituir la Fundación Morena.  ¿Y Porfirio Muñoz Ledo? No lo veo como Presidente de Morena, ahora que gane la Presidencia del partido le ofreceré que presida la Fundación Morena, que se incorpore, que integre a los intelectuales, pensadores políticos, filósofos para plantear el nuevo rumbo ideológico, filosófico y político de ser izquierda en el siglo XXI. Su lucidez puede ser más enriquecedora a constituir la Fundación Morena en donde sin duda puede hacer un gran papel; los tiempos de su mayor energía para un cargo de esta naturaleza, requiere de un esfuerzo titánico, de desplazarse a todos los rincones del país etc., esas épocas para él ya pasaron, y creo que hay que cuidarlo, hay que protegerlo. Además lo están utilizando éste mismo grupo, están detrás de su candidatura, los mismos que cerraron a Morena, nosotros abrimos Morena y no vamos a permitir que la vuelvan a cerrar, están utilizando su prestigio para ganar, a Porfirio lo quieren convertir en el lobo con piel de Bertha.  ¿Y dónde queda Alfonso Ramírez Cuellar? Él cuando habla, la riega, en todo lo que dice. Ramírez Cuellar no se quedará como presidente del partido hasta el 2021, él cree que puede quedarse, pero no es así:  Una de sus peticiones fue, que los aspirante a la Presidencia del partido, renunciaran a sus cargos actuales, ¿le han hecho caso? Soy el único de los aspirantes que no tiene ningún cargo público, Yeidckol Polenvsky y Mario Delgado siguen en sus puestos, ellos deberían renunciar a sus cargos para que haya equidad y transparencia. Yo soy consultor, hago análisis de coyuntura política, y viajo porque me invitan amigos que pertenecemos a la corriente democrática del país, pero no tengo ningún cargo político. ",morena es un bulto una carga para amlo alejandro rojas diaz duran,https://www.eluniversal.com.mx//nacion/morena-es-un-bulto-una-carga-para-amlo-alejandro-rojas-diaz-duran,eluniversal,www.eluniversal.com.mx,8,765
acbed5e893756f83ca816f30800d4a4e,"    A Enrique Krauze. Hijo digno de México,bajo acoso de nuestro macartismo aldeano.  Militante del 68, feminista desde la adolescencia, hija de un legendario maestro universitario, abogada, ministra de la Corte, diputada constituyente, senadora con licencia, primera mujer secretaria de Gobernación… Sí, es probable que Olga Sánchez Cordero sea uno de los rostros más presentables en el gobierno López Obrador. Singularmente, se trata también de la funcionaria del gabinete que mayor costo político ha tenido que pagar al defender episodios impresentables, al grado de que muchos se preguntan si ha cambiado tan profundamente solo para conservarse arriba de la 4T, o si nunca existió la mujer que tantos creyeron admirar. El capítulo más reciente de este lamentable declive es el ruidoso silencio que la ministra en retiro Sánchez Cordero exhibe en torno a Ricardo Peralta, un personaje cariñosamente cercano a su familia, al que ella promovió desde el día uno del gobierno, pero que no ha hecho sino acumular señalamientos de una corrupción galopante. Un silencio, habría que decirlo, con aroma a encubrimiento.  Poco se ha dicho que Peralta Saucedo cargaba, desde años antes del inicio de la actual administración, una trayectoria negra en el primer círculo de Miguel Ángel Mancera, como estrecho colaborador de Manuel Granados, sucesivamente líder de la Asamblea Legislativa capitalina (2012-2015), consejero jurídico de la jefatura de Gobierno (2015-2017) y, por 10 meses, dirigente nacional del PRD, todo gracias a las directrices marcadas desde el viejo Palacio del Ayuntamiento por el ahora senador y su oscuro grupo de cercanos. En la Asamblea se le llamaba “el diputado 67”, por el poder que acumulaba.  Desde sus años como funcionario del Estado de México, hace una década, Peralta guardó relación con Luis Calvo Reyes, al que hizo director general de Juegos y Sorteos en Gobernación, cargo que éste dejó en medio de otra historia maloliente, plena de contradicciones en torno a sobornos y litigios, que tampoco ha sido esclarecida. En su etapa más reciente, arropado bajo el ala de su jefa y amiga, que cerró con su cese en Gobernación, Peralta acumuló señalamientos de sobornar a legisladores de Baja California; de negocios en las aduanas a su cargo; de amenazar a un alcalde. Y ahora tiene un despacho de cabildeo para candidatos a gobernador en las Lomas de Chapultepec, a unas cuadras de la casona que alberga el despacho de los notarios de la familia de Sánchez Cordero.  Apuntes: Admiré a Paco Ignacio Taibo I (periodista, historiador, escritor, dramaturgo, amante de los buenos fogones) antes de ser su compañero durante 18 años en la Redacción de EL UNIVERSAL. Me deslumbraban las tertulias que, generoso, presidía en su casa de la Condesa, al lado de la cariñosa Maricarmen (nunca me perdoné faltar a la comida en la que se apareció Serrat para elogiar a los Taibo). Ahí conocí a Taibo II, que tengo por un genio de la novela negra. Ambos nacieron en Asturias (el padre en 1924, el hijo en 1949), pero sus convicciones y la guerra los hicieron exiliarse y, primero a Bélgica y luego, a finales de los 50, a México. Poco después, aquí nació el segundo hijo, Benito, que heredó el candor paterno y no poco de su talento. No tengo duda del apego por la izquierda de “PIT I”, como muchos lo llamaban (en realidad, su nombre es kilométrico). Pero me cuesta creer que hubiera avalado el que se instara a cualquiera, mexicano o no, a dejar su patria, nativa o adoptiva, a causa de sus ideas.     [email protected] ",sanchez cordero escandaloso silencio,https://www.eluniversal.com.mx//opinion/roberto-rock-l/sanchez-cordero-escandaloso-silencio,eluniversal,www.eluniversal.com.mx,4,299
4c9155502bb50797a7661c4a5ebc9be5," El líder nacional de las Redes Sociales Progresistas, Fernando González, presentó ante el Instituto Nacional Electoral (INE) un recurso de impugnación luego de que el Instituto les negó su registro como partido político nacional al detectar una “afiliación gremial” que está prohibida por la ley.  Por medio de un video, en las instalaciones del INE, Fernando González, yerno de la maestra Elba Esther Gordillo Morales, explicó que en sus recursos de impugnación aclararán los puntos que influyeron para que el Consejo General del INE, “tomara una determinación, injusta, arbitraria, y que seguramente el Tribunal podrá corregir”.  González Sánchez dijo que junto con su equipo jurídico llevaban las pruebas para demostrar que no recibieron ayuda de ningún sindicato.  “Quienes están informados políticamente saben que sería impensable que recibiéramos algo de este Sindicato Nacional de Trabajadores de la Educación (SNTE)” y rechazo que hayan ofrecido alguna dádiva en sus asambleas constitutivas.  También lee: Redes Sociales Progresistas niega ayuda del SNTE; impugnará decisión del INE El exsubsecretario de Educación en el gobierno de Felipe Calderón Hinojosa pidió a los seguidores de las Redes Sociales Progresistas confiar en que esa organización trabajó de manera autónoma, apegada a los principios democráticos y en la ley.  Confió en que el Tribunal Electoral del Poder Judicial de la Federación resuelva los recusos en su favor.  Niegan registro a Redes Sociales Progresistas  El pasado 3 de septiembre la Comisión de Prerrogativas y Partidos Políticos, del Instituto Nacional Electoral (INE), rechazó otorgar registro a la organización Redes Sociales Progresistas -asociada con la maestra Elba Esther Gordillo- para que se convierta en partido político.  También lee: Seremos partido político en septiembre, dicen las Redes Sociales Progresistas En sesión 4 de los 5 consejeros aprobaron negar el registro a la organización, por considerar que durante la realización de asambleas requeridas para el registro, se otorgaron dádivas económicas y materiales a los asistentes. Además, también se consideró que hubo afiliación a través de intervención gremial. rmlgv/nv ",redes sociales progresistas impugna ante el ine rechazo de registro como partido politico,https://www.eluniversal.com.mx/nacion/redes-sociales-progresistas-impugna-ante-el-ine-rechazo-de-registro-como-partido-politico,eluniversal,www.eluniversal.com.mx,9,181
deeb03d72d9575c22dd354a60d55778f,"  En los primeros seis meses de 2020 los reportes ciudadanos por algunos delitos cibernéticos cometidos contra menores de edad aumentaron a niveles nunca antes vistos, de acuerdo con un informe de la Guardia Nacional al que EL UNIVERSAL tuvo acceso por medio de la plataforma nacional de transparencia.  Entre enero y junio de este año las denuncias ciudadanas por pornografía infantil se incrementaron 157% respecto a 2019, al pasar de 121 reportes a 312.  En el caso del delito de pedofilia, los números son más graves, ya que ha habido 17 veces más reportes este año; hasta la mitad de 2020 hubo 262 alertamientos y en 2019 fueron 15.  Otros delitos en la web con más reportes, según la respuesta a la solicitudes de información 2800100033220, son la trata contra menores de edad, el cual pasó de un reporte el año pasado a dos en 2020. De igual forma este año se han registrado 18 alertamientos por corrupción de menores y en 2019 sólo fueron 13.  También lee: Advierten que campañas como Hot Fashion atraen a cibercriminales  De acuerdo con los documentos de la Guardia Nacional, que tiene un registro de delitos cibernéticos desde 2013 —antes la información era generada por la Policía Federal—, los reportes ciudadanos por pedofilia y pornografía infantil en internet nunca habían sido tan altos como en este 2020.  La institución de seguridad da seguimiento a delitos en la red relacionados con agravio de personas, fraude y extorsión, eventos de seguridad informática, ilícitos varios a través de la web y delitos contra menores, siendo estos últimos donde se ve un mayor crecimiento.  En su respuesta a la solicitud de información la Guardia Nacional especificó que estas denuncias ciudadanas no corresponden a la totalidad de los acontecimientos ocurridos en territorio nacional. Asimismo, explicó que los reportes no son equivalentes a denuncias en la agencias del Ministerio Público (MP) y se reciben a través de correo electrónico o en redes sociales.    Alertan por cuarentena  Especialistas consultados para este trabajo coincidieron en señalar que la pandemia del Covid-19 pudo ser un factor para el incremento de los ciberdelitos contra menores de edad, ya que pasan más tiempo en internet y no cuentan con herramientas para prevenir un ilícito.  También lee: ""Confundieron mi trastorno con pedofilia""  También autoridades como Santiago Nieto Castillo, titular de la Unidad de Inteligencia Financiera (UIF) de la Secretaría de Hacienda, advirtió el 1 de julio, en entrevista con este diario, que durante la cuarentena los delitos de pornografía infantil y trata registraron un aumento.  De igual forma, Radamés Hernández Alemán, director del Centro de Respuesta e Incidentes Cibernéticos de la Dirección General Científica de la Guardia Nacional, expuso en un webinar organizado por la organización Causa en Común hace tres meses que al menos en el periodo marzo-abril hubo un incremento de 73% en el delito de pornografía infantil.  “Hemos advertido que han aumentado tanto los delitos cibernéticos en la cuarentena; al estar en confinamiento las condiciones de trato en la familia pueden generar afectaciones y es así como los niños y adolescentes se aíslan en las redes sociales, entran en contacto con desconocidos y se registran los delitos”, señala Cristian Acosta, coordinador de Asuntos Públicos del Early Institute.  El especialista, quien se dedica a estudiar el fenómeno de la violencia sexual contra niños, niñas y adolescentes, indica que ilícitos demoninados grooming, el sexting o el ciberacoso son los que han aumentado, según el trabajo de investigación realizado por el Early Institute.  También lee: ¿Qué es el ""manual para pedófilos""?  Recuerda también que, según el Módulo sobre Ciberacoso del Instituto Nacional de Estadística y Geografía (Inegi), en 2019, 27% de los adolescentes de entre 12 y 17 años reportaron haber sido acosados, lo cual demuestra la vulnerabilidad en la que se encuentra este sector de la población aún sin una pandemia.  Por su parte, Rodrigo Garher, director general de la fundación Agenda Cero, dedicada a la protección de menores de edad víctimas de la violencia, lamentó que en México no hay una estadística que muestre la realidad del país en términos de ciberdelitos contra niños, niñas y adolescentes, y coincidió en el aumento de casos.  “La violencia sexual ha incrementado mucho por un tema de pandemia, un tema de quédate en casa, y hemos notado el crecimiento de delitos relacionados con abuso y violencia sexual en los que sin duda los temas del internet, las redes sociales y toda la tecnología han facilitado este aumento”, dijo Rodrigo Garher. ",se disparan denuncias por pedofilia y pornografia,https://www.eluniversal.com.mx//nacion/se-disparan-denuncias-por-pedofilia-y-pornografia,eluniversal,www.eluniversal.com.mx,4,360
c1c1a3e817344c192e5c9fe2b294ff31,"  No es un artículo contra el tabaquismo, sino un clavado en el pasado para ver cómo fue recibida la novedad del tabaco en el Viejo Mundo, en los siglos XVI y XVII. Tabaco, chocolate y café participaron en una revolución cultural que provocó reacciones por parte de las autoridades políticas y religiosas. Los americanos consumían tabaco uno o dos milenios antes de la llegada de los españoles: en polvo, en pasta, en hojas, por la nariz, la boca, los pulmones. El doctor Miguel Hernández, a fines del siglo XVI, notaba que, en polvo, aspirado por la nariz, provocaba “casi embriaguez” y que lo usaban para curar, adivinar, vaticinar. Españoles y portugueses lo adoptaron en seguida; los ingleses no tardaron: el famoso pirata Francis Drake lo introdujo en Inglaterra en 1585 y Walter Raleigh, favorito de la reina Elizabeth, popularizó su consumo en pipa. Raleigh… una marca famosa en México.  El rey James I denunció el “vicio” y el papa Urbano VIII intentó prohibir su uso, pero la expansión del cultivo y consumo fue irresistible. En Europa como en América se volvió en seguida un hábito placentero, no castigado. En tierra de islam, esta “costumbre de los cerdos cristianos” fue duramente reprimida con terribles castigos físicos, tanto en las Indias, como en el imperio otomano y en Persia. China y Japón no se quedaron atrás y Rusia tomó el mismo sendero, quizá porque la Iglesia, conociendo el uso del tabaco por los shamanes de Siberia, lo ligaba al paganismo. Mezclaban al tabaco a algún alucinógeno para entrar en trance, profetizar, curar.  En 1625, el zar prohibió de la manera más rigorosa el uso del tabaco y decretó tortura y exilio para quién se atreviera a probar polvo o fumar hojas. Su hijo agravó las penas en 1645 y 1649, al declarar que se trataba de un “pecado mortal”: instituyó un tribunal especial para castigar traficantes y consumidores de la “planta del diablo”, con la confiscación de los bienes, la tortura y el exilio; como si no fuese suficiente, el Código jurídico de 1649 añadió a dichos castigos la laceración de las narices (para el consumidor de tabaco en polvo) o de los labios (para el que fuma o masca) y la pena de muerte. El ukase del tsar Alexei, con fecha de junio de 1661, prohibió a los extranjeros residentes en Moscú el comercio del tabaco, bajo las más severas sanciones. Tales leyes y decretos fueron confirmados en los años siguientes, y en 1697 por última vez, por el joven Pedro (todavía no “El Grande”).  Sin embargo, en el mismo año, Pedro, necesitado de dinero, firmó dos ukases autorizando la venta de tabaco en Moscú y otras ciudades, mediante pago de un impuesto. No tardó en seguir el ejemplo de España y de Francia: estatizar el humo, con la creación del monopolio estatal del tabaco, en 1698. “De vicios privados, grandes beneficios”, dirá Bernard de Mandeville en su Fábula de las abejas. Para mayor satisfacción del lobby de productores americanos, de Virginia y Maryland, en la línea de Sir Walter Raleigh (que dio su nombre a la marca más popular de cigarrillos en México, en los años 1960-1980). Además de la lógica fiscal y comercial, Pedro emperador enfrentó con gran gusto a la Iglesia Ortodoxa de Rusia que criticaba la liberalización de la venta y consumo del producto pecaminoso, porque fomentaba el “vicio”. Para Pedro, alentar el tabaquismo participaba de la misma operación revolucionaria que cambiar de calendario, prohibir el uso de la barba, de largos caftanes y de gorros orientales, y abandonar el viejo alfabeto de la lengua eclesiástica. La prohibición de la barba y la obligación de usar “la vestimenta alemana” son del mismo año 1698. No es coincidencia. Tabaco= modernización.  Historiador    ",cuidado con el tabaco,https://www.eluniversal.com.mx//opinion/jean-meyer/cuidado-con-el-tabaco,eluniversal,www.eluniversal.com.mx,2,325
03482394c43d41b62e30dbc7c0a63919," El técnico de los Gallos Blancos de Querétaro, Alex Diego, no puede reclamarle nada a sus jugadores a pesar de la derrota 2-3 ante el León. El joven entrenador destaca que el cuadro sabe a lo que juega, y la diferencia frente a los guanajuatenses, fueron momentos de desconcentración. Puedes leer: ""León rescata el triunfo ante Querétaro"" “El equipo sabe a lo que juega y eso me tiene contento porque somos un equipo aguerrido; no hay nada que pueda reclamarle a mis jugadores, en el tema de actitud y de pelear los partidos no hay nada qué reclamar”, dijo. Querétaro ya es “analizado por los rivales, y nosotros debemos empezar a buscar variantes, a pararnos de diferentes formas, el equipo no juega sólo de una forma, tenemos variantes, sólo tenemos que mejorar en puntos clave que nos están costando puntos”.  No se pueden quedar con la frustración de la derrota: “Tenemos que dar vuelta a la página, en este momento estamos, los jugadores y yo, enojados y tristes por la derrota por el resultado, pero debemos empezar a pensar ya en Tigres”. Del juego habló en lo particular: “Hubo un momento que entramos en desconcierto; debemos entender que cuando nos pusimos 2-1 el León se nos iban a venir encima y no supimos mantener el orden, no hicimos los recorridos adecuados y un equipo como León, tan ordenado, nos hizo daño”. ",alex diego y la derrota del queretaro ante leon no puedo reclamarle nada,https://www.eluniversal.com.mx/universal-deportes/futbol/alex-diego-y-la-derrota-del-queretaro-ante-leon-no-puedo-reclamarle-nada,eluniversal,www.eluniversal.com.mx,7,107
b574ff20e290c6ee664a797bb632129e," La modelo Demi Rose Mawby disfruta el verano al máximo con paseos en las playas españolas, lo que le permite presumir sus mejores trajes de baño.   La joven británica fue captada por los paparazzis mientras paseaba con su perro por una playa de Ibiza. Para el recorrido, la modelo optó por lucir su figura de reloj de arena y su cintura con un bikini diminuto compuesto por unas pantaletas negras y un top blanco strapless con una abertura al frente del escote.   Demi le dio un toque de elegancia a su look con unas mangas abultadas de color blanco desde las muñecas hasta los codos.    Foto: Grosby Group   La influencer complementó el traje de baño con unas sandalias grises, unas gafas oscuras, un bolso negro y un largo crucifijo en tono dorado con cristales incrustados.  Además, Demi Rose Mawby, de 24 años de edad, peinó su larga cabellera negra con una trenza francesa y un hilo con plumas negras.    No te pierdas: ¿Zac Efron tiene nueva novia? Ella es Vanessa Valladares   Durante su paseo por la playa, la modelo de trajes de baño caminó junto a su perro Teddy, quien ha sido su compañero inseparable desde su mudanza de Reino Unido a España.   La socialité británica ha declarado que su mudanza a Ibiza ha sido una de las mejores y más complejas decisiones que ha tomado en su vida. Luego de la muerte de sus padres, Demi Rose optó por dar un giro a su vida y estar más cerca de sus amigos.                          Ver esta publicación en Instagram                                              Una publicación compartida por Demi  (@demirose) el 30 de Ago de 2020 a las 11:33 PDT      Demi comenzó a ganar seguidores en Instagram en 2013 debido a su parecido con la cantante Selena Gomez, pero luego de algunos años de modelar, cobró fama por su relación con el rapero Tyga, expareja de la empresaria Kylie Jenner.   Ahora, la belleza británica es embajadora de marcas de ropa como Oh Polly, Pretty Little Thing y Fashion Nova y viaja por el mundo para participar en sesiones de fotos.   Mira en la galería de arriba más fotos de Demi Rose Mawby.    Recomendamos: Kaley Cuoco presume su silueta tonificada mientras se ejercita                           Ver esta publicación en Instagram                                              Una publicación compartida por Demi  (@demirose) el 5 de Sep de 2020 a las 1:49 PDT        p ",demi rose deslumbra con bikini diminuto en playa espanola,https://www.viveusa.mx/showbiz/demi-rose-deslumbra-con-bikini-diminuto-en-playa-espanola,eluniversal,www.viveusa.mx,7,210
