body,title,url
"
Contrario a versiones falsas que se manejaron, la Suprema Corte de Justicia de la Nación no se ha pronunciado sobre la viabilidad jurídica y constitucional de una consulta popular para enjuiciar a los expresidentes de la República. Ni su presidente, Arturo Zaldívar, ni ningún otro ministro o ministra han emitido opinión y no lo harán hasta que reciban la solicitud formal por cualquiera de las tres vías que marca la Constitución para autorizar la realización de un ejercicio de consulta a la ciudadanía sobre un tema tan delicado y sensible. Hoy podrían llegar esas solicitudes, tanto la que anunció el presidente López Obrador que enviaría a través de un escrito a los ministros del pleno, como el que mandará también el Senado, según anticipó ayer el presidente de la Junta de Coordinación Política, Ricardo Monreal.
Hasta ayer la recolección de firmas para solicitar la consulta por la vía ciudadana no alcanzaba la cifra de 1 millón 800 mil firmas de ciudadanos identificados, a pesar de los esfuerzos realizados por varios grupos, algunos civiles y otros vinculados a Morena que se dieron a la tarea de recolectar las firmas necesarias para avalar una solicitud a la Corte por esa vía. Y ante la posibilidad de que no se alcance el requisito constitucional, ayer en su conferencia mañanera López Obrador decía que de cualquier modo él ya tenía listo el escrito de petición que enviará a la Suprema Corte de Justicia de la Nación para solicitarle su aval de constitucionalidad al mecanismo por el que se pretende preguntarle a los mexicanos si están o no de acuerdo en que se lleve a cabo un juicio a cinco expresidentes de la República, desde Carlos Salinas de Gortari, Ernesto Zedillo y Vicente Fox, hasta Felipe Calderón y Enrique Peña Nieto.
El quid de toda esta cuestión radica en la elaboración de la pregunta que se pretende someter a consulta de los mexicanos. De la redacción y la formulación de esa pregunta depende en gran medida de que la Corte decida o no darle el reconocimiento constitucional a dicha consulta. Todos los ministros, nos dicen fuentes cercanas al Poder Judicial de la Federación, están expectantes por saber qué dice la interrogante que se formularía en este ejercicio democrático porque de ello depende que le den o no el aval de constitucionalidad.
Por ejemplo, abogados constitucionalistas consultados por esta columna nos dicen que si la pregunta que se hace fuera: “¿Usted quiere que enjuiciemos a los expresidentes?”, no pasaría ni sería aceptada por la Corte; en cambio una pregunta más abierta como: “¿Está usted de acuerdo que haya juicio a expresidentes de la República si la autoridad encuentra malversación de fondos?”, entonces sí podría pasar porque dice lo obvio.
El propio ministro presidente, Arturo Zaldívar, ha dicho que no se va a pronunciar sobre la consulta ciudadana de manera anticipada por respeto al debido proceso. Hasta que la Corte no conozca el contenido y la redacción de la pregunta no emitirá ninguna opinión porque de eso depende la legalidad del posible ejercicio.
Así que, más allá del tema de la prescripción de delitos que señalan juristas y de que haya quien considere innecesario un ejercicio de consulta pública para llevar a los expresidentes a un proceso judicial inédito en la historia del país, veremos qué dicen los ministros de la Corte que con su decisión pueden validar y dar legalidad a una consulta que sería histórica o pueden también echar por tierra la posibilidad de que se someta a juicio a cinco exmandatarios si consideran que lo que se pretende preguntarle a los mexicanos es, de inicio, violatorio de la Constitución. Por eso la decisión de procesar por primera vez a los expresidentes, más que en manos del presidente López Obrador, está en las manos de la Suprema Corte de Justicia.

NOTAS INDISCRETAS…
La ebullición política en Sonora está desatada con miras a la sucesión del próximo año en la gubernatura. Las encuestas confirman la ventaja de Morena y de su muy seguro candidato Alfonso Durazo, aunque tampoco le dan una ventaja inalcanzable al actual secretario de Seguridad federal. De hecho hay otros aspirantes como el priista Ernesto Gándara, quien busca ir ahora por una alianza de partidos, que aparecen a escasos 10 o 12 puntos de Durazo e incluso nombres como el de la periodista y senadora Lilly Téllez aparecen en una tercera posición. Es decir que una alianza entre Gándara y Téllez le podría complicar la situación a Durazo que, por lo pronto, en espera de presentarle su renuncia al presidente López Obrador, muy probablemente empezando diciembre, no pierde el tiempo y ya pasa por lo menos dos o tres días en el territorio sonorense revisando su campaña. Incluso el secretario, por aquello de cuidarse que no lo acusen a él de actos anticipados de campaña, siendo funcionario público, ya mandó al estado como su operador de campaña a Jesús Valencia, el exdelegado de Iztapalapa que en algún tiempo fue cercano a Marcelo Ebrard y que ahora es incondicional de Alfonso Durazo, tanto que ya se le ve como el próximo coordinador de la campaña. Valencia, quien también se hiciera famoso por chocar en una lujosa camioneta en la Ciudad de México, que le había “prestado” un contratista de Iztapalapa, renunció a su cargo de Jefe de la Unidad de Políticas y Estrategias para la Construcción de la Paz, de la SSPC donde colaboraba con el mismo Durazo, y se mudó a Sonora donde ya prepara todo para que a partir del 1 de diciembre el actual secretario de Seguridad federal, con toda su estela de cifra de muertes y violencia, llegue a comenzar su precampaña. Entre Sonora e Iztapalapa hay mucha diferencia, pero Valencia ya se mueve en la tierra de don Plutarco y dicen que hasta el tonito sonorense ya imita… Los dados mandan Serpiente. Descendemos. 
",,https://www.eluniversal.com.mx//opinion/salvador-garcia-soto/juicio-expresidentes-en-manos-de-la-corte
"
El Departamento de Transporte dice que el Sistema Automatizado de Conservación de Carril (ALKS, por sus siglas en inglés), permitirá que los vehículos permanezcan en el carril en las autopistas sin que el conductor tenga que hacer nada más que estar preparado para recuperar el control cuando se le solicite. Una de las preguntas que plantea el documento de consulta es ""¿debería el Reino Unido permitir el uso de ALKS hasta 112 km/h?"".
ALKS es efectivamente una combinación reforzada de dos tecnologías existentes: asistencia para mantenimiento de carril, y control de crucero adaptativo. Estos ya funcionan a velocidades de autopista, aunque algunos sistemas tienen un mayor control que otros. Los sistemas de mantenimiento de carril actuales utilizan una cámara estéreo detrás del parabrisas para vigilar las marcas viales. Su imagen se ejecuta a través de un software de procesamiento de imágenes y se interpreta, lo que facilita que el automóvil vuelva al carril si es necesario, ya sea a través de un sistema de dirección asistida eléctrica o mediante la aplicación suave del sistema de frenos.
El control de crucero adaptativo apareció a principios de la década de 2000, utilizando sensores de radar para mantener una distancia segura detrás del vehículo de adelante. Desde entonces ha evolucionado mucho. Mientras que solo podía funcionar hasta una cierta velocidad antes de devolver el control al conductor, las últimas versiones de parada y arranque funcionan hasta detenerse.

También lee: Los cambios de SEAT frente a su nueva dirección
Más recientemente, se han agregado cámaras multipropósito para lograr una mayor precisión. Los sistemas ACC de Bosch leen el camino por delante con un sensor de radar independiente más un sensor de radar combinado y una cámara multipropósito. El frenado de emergencia automático agrega sensores de radar de esquina al radar orientado hacia adelante y a la cámara multipropósito.
El hardware se combina con software de inteligencia artificial para interpretar los límites y brindar una detección de carril confiable. La fusión de datos también permite adquirir, identificar y rastrear objetos estáticos o en movimiento para crear una imagen precisa y de alta definición de lo que se avecina. 
Este hardware crea una especie de “carretera”' lo suficientemente buena como para que un automóvil que conduce de manera autónoma determine su posición precisa en relación con su entorno, lo que en el lenguaje de los vehículos autónomos se conoce como localización. Es este tipo de inteligencia artificial y de detección avanzada el que probablemente formará la base de los ALKS de alta velocidad que se están investigando para el Reino Unido.
",,https://www.eluniversal.com.mx/autopistas/como-funciona-el-mantenimiento-autonomo-de-carril-en-los-coches
"

Dentro de la autollamada Cuarta Transformación ven muy claro cómo dos presidenciables se miden en un primer round en la pelea por la candidatura presidencial de 2024. Los contendientes: Claudia Sheinbaum y Marcelo Ebrard. El primer round: la presidencia de Morena. Nos dicen que los del bando de doña Claudia buscan que el Tribunal Electoral declare inválido el método de encuesta para designar al presidente nacional de Morena. Aseguran que este método favorece al diputado Mario Delgado, alfil de Ebrard. La intención, nos explican, es que si el Tribunal invalida la encuesta se busque que el partido quede bajo la dirigencia del actual líder nacional temporal, Alfonso Ramírez Cuéllar, cercano a los intereses de Sheinbaum. Sin embargo, si las cosas se logran mantener como están y se realiza la encuesta, Delgado tiene probabilidades, y con ello Ebrard saldría fortalecido. Pronto se sabrá quién gana este primer round rumbo al 2024.

Persisten sospechas de espionaje a diputados

Ayer, después de su sesión ordinaria, en el pleno de la Cámara de Diputados se llevó a cabo un ensayo para que los legisladores pasaran lista y votaran, vía remota, con sus celulares. Nos cuentan que este ejercicio fue encabezado por la presidenta de la Cámara, la priista Dulce María Sauri y participaron 69 diputados. Sin embargo, nos cuentan, al interior de algunas bancadas surgieron más dudas sobre la seguridad de su información y por la posibilidad de ser espiados por medio de dichos equipos que fueron proporcionados y configurados por personal de la Cámara, y por los cuales deberán pagar 5 mil 700 pesos. En el ensayo los diputados pudieron pasar lista y votaron de manera simulada sin problema. Al parecer, nos comentan, van superando las fallas que se habían presentado, sin embargo, muchos legisladores desconfían de esos aparatos y en sus reuniones privadas procuran estar lo más lejos posible de ellos, pues temen ser objeto de espionaje.

Acuerdan con López-Gatell pruebas a vacuna rusa

Luego de que en algunos sectores del gobierno causara extrañeza la descalificación del subsecretario Hugo López-Gatell al foro virtual que realizó el gobierno de Rusia para hablar de la vacuna Sputnik-V contra el coronavirus, nos dicen que don Hugo ya tuvo un acercamiento con la empresa mexicana Landsteiner para iniciar el proceso, complejo y delicado, para la realización de pruebas de la vacuna en México. Nos explican que representantes de la industria farmacéutica sostuvieron una reunión con López-Gatell, que aseguran fue muy buena y que se programó continuar con ese tipo de encuentros. Un buen paso, aseguran.

Arrancan campañas y golpizas

Muy temprano empiezan los golpes por las candidaturas de Morena a las 15 gubernaturas que se juegan el año entrante. Y si usted no lo cree pregúntele al senador Cristóbal Arias Solís, a quien le salieron a relucir unos trapitos sucios de 2005, de violencia contra su esposa. Nos señalan en el Senado que se considera a don Cristóbal como el más adelantado de los aspirantes para Michoacán, pero también nos hacen ver que en el partido en el poder hay interesados en bajarlo y subir a otros de una contienda en la que a todas luces tiene ventaja Morena. Así que muy pronto han empezado las golpizas. ¿Quién sigue?


Claudia Sheinbaum vs. Marcelo Ebrard 






",,https://www.eluniversal.com.mx//opinion/periodistas-el-universal/sheinbaum-vs-ebrard-primer-round-de-presidenciables
"

En la víspera de concluir el plazo legal para recabar un millón 800 mil firmas para solicitar, por la vía ciudadana, una consulta popular a fin de llevar a juicio a los últimos cinco expresidentes por actos de corrupción, el Jefe del Ejecutivo federal, Andrés Manuel López Obrador, dijo que presentará esta iniciativa al Senado para comenzar esta ruta.

En conferencia, el Presidente reconoció que sólo se han reunido 800 mil firmas para solicitar que se inicie el proceso, por lo que anunció que en caso de que no se junten él presentará este martes la solicitud.

“Están haciendo un gran esfuerzo porque comenzaron hace 10 días y tengo la información de que llevan alrededor de 800 mil, pero bueno, ya está el tiempo muy metido, ya se avanzó y les puede ganar el tiempo; sin embargo, es, repito, muy bueno el que estén haciendo este ejercicio, que estén recogiendo las firmas.

“Entonces, si no se llega al número de firmas, porque falta poco, yo tengo ya preparado un escrito, bueno, el borrador de un escrito que hoy voy a revisar para solicitar la consulta, tengo esa facultad que me da la ley y mañana tomo la decisión de hacerlo si los ciudadanos no alcanzan a reunir las firmas; entonces, va a haber solicitud de consulta, porque si ellos no alcanzan a tener las firmas, yo presentaría mañana [hoy] el escrito”, afirmó.
 También lee: A 48 horas, a Morena le faltan 800 mil firmas para consultar juicio a expresidentes

En Palacio Nacional dijo que dará a conocer hoy la solicitud que presentaría ante el Senado y que contendrá la justificación para llevar a cabo la consulta.

“Mañana [hoy] yo se las doy a conocer, vámonos por partes, porque tengo que fundar, tengo que justificar el porqué de la consulta al solicitar al Senado en este caso. Podría hacerlo la Cámara de Diputados, lo voy a hacer si decido, de acuerdo a lo que suceda con la recolección de las firmas, la voy a enviar al Senado de la República, aunque tienen que ver las dos cámaras”.

Reiteró que es necesaria una reforma a la Constitución para flexibilizar la cantidad de firmas que se necesitan para solicitar una consulta popular: “Tenemos que flexibilizar que no sean también tantos ciudadanos o tantas firmas, porque ahora se requieren como un millón 800 mil”, dijo el Mandatario federal.

El presidente López Obrador felicitó a los ciudadanos que han recabado firmas para la consulta, pues aseguró que en ésta se pone en práctica la democracia participativa y no se queda sólo en la democracia representativa.
 También lee: Si no alcanzan las firmas, presentaré solicitud de consulta para enjuiciar a expresidentes: AMLO

Señaló que este tipo de consulta tiene que quedar ya establecida como un hábito en el país, puesto que estos actos ya se llevan a cabo en varias naciones.

Cámara Alta ya espera solicitud

La mayoría en el Senado espera que el presidente López Obrador envíe mañana miércoles la solicitud de una consulta para que se lleve ante la justicia a expresidentes por corrupción.

Por su parte, la oposición del PAN consideró como un indicio de que el gobierno de López Obrador ha perdido respaldo popular al no haber reunido las firmas necesarias para llamar a una consulta popular.

En tanto, el PRI previno que jurídicamente es inconstitucional dicho proyecto.
 También lee: En plena pandemia, diputados de Morena piden apoyar juicio a expresidentes en Xalapa

Ayer, el coordinador de Morena, Ricardo Monreal Ávila, confirmó que ya no sería posible reunir las firmas necesarias para que por la vía ciudadana se solicitara la consulta y expuso que será el Senado la cámara de origen para que el Presidente de la República, en su caso, lo solicite o 33% de los 128 senadores.

Habrá coordinación de los senadores de Morena con el presidente Andrés Manuel López Obrador sobre la presentación de este recurso ante la Suprema Corte de Justicia de la Nación (SCJN), dijo Monreal Ávila en conferencia de prensa.

En la bancada de Morena, con 61 integrantes, “aún no decidimos si la solicitud la vamos a presentar nosotros o damos trámite al documento que dijo el Presidente que enviará”.
",,https://www.eluniversal.com.mx//nacion/amlo-y-morena-tienen-todo-listo-para-solicitar-juicio-expresidentes
"

Solidaridad con Héctor Aguilar Camín y Enrique Krauze

 

Veámoslo como si fuera una humilde obra de teatro:

Primer acto. México rebasó los 70 mil muertos por Covid y han sido contagiadas más de 660 mil personas (cifras oficiales). Muerte, dolor y zozobra acompañan la vida diaria de innumerables familias. La pandemia, además, como catalizador, ha multiplicado el número de empresas de todos tamaños cerradas o disminuidas, los trabajadores que perdieron su puesto, el decrecimiento de los ingresos de un sinnúmero de personas y en muchos casos la precarización de las condiciones de trabajo. Un primer acto que solo puede generar preocupación porque afecta a millones.

Segundo acto. Cinco exsecretarios y una exsecretaria de Salud dan a conocer un balance de la pandemia y su gestión y proponen una serie de medidas para atemperar su impacto. No se trata de una proclama sino de una reflexión que acude a otras experiencias para intentar extraer lecciones que pueden ser útiles. Un documento que en principio puede embarnecer nuestra comprensión de la pandemia acompañada de recomendaciones que hasta donde alcanzo a ver no pueden hacer daño.

Tercer acto y final. Sin haber leído el documento, el subsecretario de Salud, Hugo López Gatell respondió: “habrá que ver si los exsecretarios tienen alguna vinculación política, ninguna vinculación empresarial, por ejemplo, en comercialización de medicamentos” y con sorna los invitó a patentar “su fórmula”. Otra vez, lo que parece ser el sello de los tiempos, descalificaciones ad hominem y evasión de los argumentos y las evidencias.

¿Cómo se llamó la obra? La tontería y la soberbia no solo son malas consejeras, y cuando se instalan en el gobierno afectan a millones.

Pensemos en un desenlace alternativo: Primer acto. Igual.

Segundo acto. Igual.

Tercer acto. El subsecretario responde (o mejor aún el secretario o mejor aún el presidente). Varias opciones: A) Leeré con detalle el documento y evaluaremos su pertinencia. B) Invitaré a los exsecretarios a una reunión para intercambiar experiencias e información y a lo mejor logramos fortalecer lo que hemos venido haciendo. C) Documentos como ese enriquecen nuestra comprensión de lo que estamos viviendo y como la pandemia ha impactado la marcha de nuestra economía y está teniendo repercusiones sociales incluso ampliaremos al número de convocados para generar una deliberación que ayude al país a salir lo mejor posible del brete en el que nos encontramos.

“A” puede ser un “avión” o un primer paso para tender un puente. “B” asume que en una situación tan delicada como la actual nunca está de más escuchar e intercambiar opiniones diferentes de las cuales el primer beneficiado puede ser el propio gobierno. Y “C” sería la respuesta de un estadista que quiere sumar fuerzas y conocimientos para atender una pandemia cuyos estragos están a la vista. Pero además el subsecretario hubiese aparecido como alguien cuyo deseo es atajar los males y no como un “grillito cantor” tratando tontamente de llevar agua a su pequeño molino.

¿Cómo se hubiese podido llamar esa obra alternativa?

El país atraviesa por una crisis conjugada de salud y económica. Pero se agrava por la prepotencia, insensibilidad y pequeñez de quienes tienen el encargo de atenderla. Son tiempos difíciles, pero cuando el desprecio al conocimiento, a la experiencia, a otras visiones preside el comportamiento del gobierno, los problemas no pueden sino multiplicarse.

Profesor de la UNAM
",,https://www.eluniversal.com.mx//opinion/jose-woldenberg/la-obra-de-teatro-que-no-fue
"

Thalía se encargó de hacerle publicidad a su más reciente proyecto a través de redes sociales con una fotografía de sí misma ataviada con un bañador azul. 

En la imagen, la cantante mexicana se lució vestida con un traje de baño de tipo bodysuit con un accesorio similar a un corsé tejido en color blanco. Este mismo ayudó a definir su diminuta cintura y vientre plano. 

Al look le añadió un abrigo de pelo blanco y rosa, además de pendientes largos, anillos y brazaletes plateados. 




 


 

 



 




Ver esta publicación en Instagram


 



 

 

 



 

 



 

 

 



¡Cariños! Quiero contarles que Una publicación compartida por  Thalia (@thalia) el 13 de Sep de 2020 a las 7:23 PDT




Presumió su belleza con labial rosa baby, ojos ahumados, pestañas con rímel negro y blush rosado sobre los pómulos.

Su cabello se mostró peinado en una cola de caballo alta con mechones ondulados y un flequillo de cortina. 

Esta foto parece haber sido tomada en su lujosa piscina durante una sesión improvisada, posó recostada en un colchón inflable color rosa. 

“¡Cariños! Quiero contarles que el video oficial de Pa’ La Cultura sale este 15 de septiembre. Se estrenará exclusivamente en Facebook. ¡No se lo pueden perder!”, escribió en el pie de foto. 

Más: Los mejores vestidos de Thalía 

La celebridad de 49 años se ha mantenido ocupada durante la pandemia por coronavirus que ha azotado a gran parte del mundo en los últimos meses. 

Se ha enfocado en lanzar nueva música tanto para adultos como para niños, ha trabajado en la promoción de su línea de ropa, cosméticos y accesorios y ha colaborado con las Naciones Unidas para promover campañas de salud mental. 


“Yo estoy como todo el mundo, desarrollando nuevas estrategias y nuevas herramientas para lidiar con esta situación que genera mucha ansiedad”, dijo la mexicana durante una entrevista con Efe. 

“La solución ha sido enfocarme en compartir con los que me rodean, lo que me divierte, lo que me gusta, lo que me da luz”, añadió. 





 


 

 



 




Ver esta publicación en Instagram


 



 

 

 



 

 



 

 

 




 

 


Una publicación compartida por Thalia (@thalia) el 10 de Sep de 2020 a las 7:06 PDT




Otra forma de canalizar su tiempo y energía ha sido a través de redes sociales, donde suele compartir con sus fanáticos ocurrentes momentos de su día a día, detalles de sus trabajos profesionales y donde suele presumir su talento para el baile y el canto. 

En los últimos meses se ha convertido en una de las estrellas latinas con más presencia en internet, especialmente en TikTok e Instagram. Presume de 5 millones y 16.5 millones de seguidores en cada plataforma, respectivamente. 




 


 

 



 




Ver esta publicación en Instagram


 



 

 

 



 

 



 

 

 




 

 


Una publicación compartida por Thalia (@thalia) el 27 de Jul de 2020 a las 7:55 PDT



Para ver las mejores fotografías de Thalía, da clic aquí. 

MA

 

No te pierdas de las últimas noticias de Vive Usa en Google News,  síguenos aquí
",,https://www.viveusa.mx/showbiz/thalia-deslumbra-con-traje-de-bano-azul-en-la-piscina
"
Puede que cuando escuches el nombre de Google pienses en el buscador pero hace mucho que es más que eso. Este gigante de la tecnología cuenta con diversas soluciones de software y hardware y, en ese último rubro, al parecer pronto actualizará la lista con la llegada de un nuevo celular, la nueva generación de Chromecast y un altavoz inteligente. 
Google ha comenzado a invitar a miembros de los medios a un evento especial el  próximo 30 de septiembre, prometiendo nuevos dispositivos. ""Te invitamos a conocer todo sobre nuestro nuevo Chromecast, nuestro último altavoz inteligente y nuestros nuevos teléfonos Pixel"", se lee en la invitación.
De acuerdo con lo anterior la compañía planea lanzar su teléfono inteligente Pixel 5, que podría llegar a los usuarios a finales de año y, según lo que se conoce hasta ahora contará con conectividad 5G. Asimismo se especula que también se llevará a cabo el lanzamiento del Pixel 4A. Sin embargo,  parece que una vez más no habrá distribución oficial de estos equipos en México pues los mercados a los que se sabe llegarán los modelos solo incluyen Estados Unidos, Canadá, Reino Unido, Irlanda, Francia, Alemania, Japón, Taiwán y Australia.
El que sí ha llegado a nuestro país en todas sus versiones es el Chromecast, dispositivo que brinda funciones inteligentes a los televisores para, por ejemplo, transmitir el contenido de un celular Android. 
También se espera una actualización de las bocinas inteligentes de Google. En este caso se dice que es probable que se trate del altavoz inteligente Nest que Google confirmó en julio después de que una imagen del altavoz se filtró en línea. Parece que el modelo será algo entre el Nest Mini y el Google Home Max más grande, con la capacidad de pararse verticalmente.
Pero no solo eso. Se ha dado a conocer que la marca podría también presentar otros nuevos dispositivos de los que hasta ahora no hay muchos detalles, aunque, según dicen algunos especialistas de la marca, podría tratarse de un nuevo producto de Android TV. De hecho, se rumora que Google está trabajando en un equipo para la TV con nombre en código ""Sabrina"" que usaría Android TV y una IU tradicional administrada por control remoto. 
El evento de Google se llevará a cabo virtualmente el 30 de septiembre a la 1 de la tarde, hora de la Ciudad de México. En Tech Bit te llevaremos todos los detalles. 

Lee también: Pac-Man tendrá una versión móvil con realidad aumentada

Android 11
Mientras esperamos para conocer las novedades de hardware recuerda que la actualización del sistema operativo Android 11 ya está llegando a los teléfonos y estas son algunas de sus novedades. 
En esta versión todas las conversaciones de las aplicaciones de mensajería se moverán a un espacio dedicado en la sección de notificaciones, lo que facilita su administración en un solo lugar. También permitirá priorizar las conversaciones de tus contactos favoritos para que nunca te pierdas un mensaje importante. 
Cambiará además el diseño por uno de burbujas pues, según Google, hace que realizar múltiples tareas en tu dispositivo sea más sencillo. Además, facilita responder a conversaciones importantes sin tener que alternar entre lo que estás haciendo y tu aplicación de mensajería. 
Una función más que agregó es la grabación de pantalla que permite capturar y compartir lo que sucede en tu teléfono. Graba con el sonido de tu micrófono, dispositivo o ambos; sin la necesidad de una aplicación adicional. 
Con Android 11 es posible acceder a todos tus dispositivos inteligentes en un solo lugar, simplemente dejando presionando el botón de encendido para ver una lista de tus dispositivos conectados como bocina inteligente, precisamente sobre ese tipo de equipos es posible cambiar rápidamente el dispositivo en el que se reproducen tus contenidos multimedia, para que puedas llevar tu música contigo desde tus auriculares a tu altavoz sin perder el ritmo. 
Un cambio importante es que los permisos de única vez les permitirán a las aplicaciones acceder al micrófono, cámara o ubicación, en solo una oportunidad. La próxima vez que esa app necesite acceso a estos sensores, pedirá autorización nuevamente y los usuarios podrán decidir otorgarlo o no. Asimismo Android 11 ahora ""restablecerá automáticamente"" los permisos de las aplicaciones no utilizadas y notificará cuando lo haga.
 
",,https://www.eluniversal.com.mx/techbit/google-lanzara-nuevo-celular-chromecast-y-altavoz
"
Por primera vez, restos del cadáver conservado por el frío de un cachorro de oso de las cavernas han sido encontrados en la región siberiana de Yakutia, abriendo la esperanza de poder obtener su ADN.
""Hoy en día, este es el primer y único hallazgo de este tipo: un cadáver de oso de las cavernas completo con tejidos blandos. Está completamente conservado, con todos los órganos internos en su lugar, incluida la nariz. Anteriormente, solo se encontraron cráneos y huesos. Este hallazgo es de gran importancia para todo el mundo"" según dijo en un comunicado la científica Lena Grigorieva, uno de los principales expertos de Rusia en especies extintas de la Edad del Hielo.

Los restos fueron encontrados por pastores de renos y los restos serán analizados por científicos de la Universidad Federal del Nordeste (NEFU) en Yakutsk, que está a la vanguardia de la investigación sobre mamuts lanudos y rinocerontes extintos.
También lee: Fósil de una bestia: Científicos, tras secretos del perezoso gigante prehistórico
El oso de las cavernas (Ursus spelaeus) es una especie o subespecie prehistórica que vivió en Eurasia en el Pleistoceno medio y tardío y se extinguió hace unos 15 mil años. Según sugerencias preliminares, el oso recuperado puedo vivir en el interglacial Karginsky (este fue el período entre 22 mil y 39 mil 500 años).

""Es necesario realizar un análisis de radiocarbono para determinar la edad precisa del oso"", dijo el investigador principal Maxim Cheprasov del laboratorio del Mammoth Museum en Yakutsk.
También lee: Fósil de ""hormiga del infierno"", en ámbar de 99 millones de años
Se preparará un programa científico para su estudio integral. Tendremos que estudiar el cadáver de un oso utilizando todos los métodos modernos de investigación científica: genética molecular, celular, microbiológica y otros.
nrv
",,https://www.eluniversal.com.mx/ciencia-y-salud/descubren-cadaver-de-oso-de-las-cavernas-de-hace-39-mil-500-anos
"
Una de las marcas que más ha crecido en México durante los últimos meses es JAC, y buscan seguir aumentando su presencia en el mercado con nuevos productos, entre ellos la Sei7 Pro, una camioneta mediana que llegará a nuestro país a finales de este año. 
Conocida en su país de origen como Jiayue X7, este producto mide 4.7 metros de largo, lo que la colocará como una de las contendientes más grandes del segmento mediano. De acuerdo con la marca, llegará a México en configuración para 5 personas y un amplio espacio interior. 
Mecánicamente, propulsa el eje delantero con un motor de 1.5 litros turbocargado de 165 hp y 185 lb-pie de par, que se empareja a una transmisión automática de doble embrague con seis escalones. 

Por dentro, JAC está buscando atraer clientes con la amplia variedad de amenidades y tecnología, en donde destacan elementos como la gran pantalla de 12.3 pulgadas con conectividad a celulares, clúster 100 por ciento digital, sonido premiuim de 10 bocinas, asientos delanteros con calefacción y ventilación, masaje para el conductor, freno autónomo de emergencia y cámara de visión 360 grados. 
La nueva JAC Sei7 Pro será un producto ensamblado en Ciudad Sahagún, Hidalgo, y llegará a finales de este año al catálogo de la firma. No se sabe aún su precio final, pero considerando los competidores y prestaciones, podríamos decir que rondará los $500,000 pesos.

",,https://www.eluniversal.com.mx/autopistas/jac-sei7-pro-la-propuesta-china-de-las-camionetas-que-va-por-volkswagen-y-nissan
"
Existen evidencias de que desde altos niveles del gobierno López Obrador se ordenó a diversas instituciones del sector salud presionar a sus proveedores –a los que se compran cientos de miles de millones de pesos al año– para transferir un porcentaje de los contratos que reciben a la compra de boletos en el sorteo que hoy rifará premios por el equivalente, se ha dicho, del valor del avión presidencial.
En plena pandemia, este intento de coacción parece tan solo un clavo más en el ataúd de un sistema de salud que acumula largos años de rezagos, recortes presupuestales, subejercicios y saqueos. Por algún motivo, a los políticos mexicanos, de todos los partidos, les gusta el campo de la salud para tornarse depredadores insaciables.
La cabeza del sector, la Secretaría de Salud, vive su propia crisis con el desmantelamiento del equipo de titular, Jorge Alcocer, a cargo del subsecretario Hugo López Gatell, su protegido por años. Como lo reveló Bajo Reserva, de EL UNIVERSAL, el locuaz subsecretario desdeñó recientemente una conferencia virtual internacional que buscaba agilizar la llegada de la vacuna rusa a México. 
El tufillo mercantil que derivó de ello, en favor de otro proyecto de vacuna, despertó inquietud, pues en pago a los “servicios prestados”, a López Gatell le fue asignado el control de Cofepris, la entidad responsable de autorizar el registro de medicamentos. 
En el ISSSTE, bajo ruina financiera, su director, Luis Antonio Ramírez Pineda, estaría por dejar el cargo por la puerta trasera para ser postulado a una diputación federal. La razón verdadera sería el desastre operativo en que se halla la dependencia, al grado de que el primer día de este mes fue designado director de Administración el general Jens Pedro Lohmann, un personaje cercano al presidente López Obrador y al secretario de la Defensa, Luis Cresencio Sandoval, a quien relevó en la IV región militar.
Lohmann es el tercer responsable en esa posición durante el presente gobierno. Su antecesor, Pedro Zenteno, sostenía una pugna sorda con el equipo cercano de Ramírez Pineda, al que se le atribuye haber intentado sabotear la llegada del alto militar, al grado de sembrar una denuncia insidiosa durante una de las “mañaneras” presidenciales.
Ramírez Pineda representa el pago de una cuota política a su padre, Heladio Ramírez, exgobernador de Oaxaca. Su salida había sido reclamada ya por Raquel Buenrostro cuando se desempeñó como oficial mayor de Hacienda. Según datos confiados a este espacio, ella había propuesto como relevo a su colaboradora, Paola Cerda.

APUNTES
“El invendible avión presidencial de México”, fue el encabezado de un reporte en la más reciente edición del influyente semanario inglés The Economist. “El penúltimo capítulo de la rifa del avión presidencial mexicano”, tituló por su lado en días pasados El País, de España. Se trata apenas de dos enfoques sobre una saga que despierta ya la mofa mundial y que hoy cerrará un capítulo más de esta tragicomedia. El presidente López Obrador aseguró que se alcanzó el objetivo en la venta de “cachitos” del sorteo en nombre de ese avión…, sin liga alguna con el avión. Pero en la Lotería Nacional hay otros datos que incluso provocaron renuncias para eludir implicarse en este asunto fangoso: en el futuro cercano, se aseguró a este espacio, “la rifa del avión” será considerado como el acto de propaganda que provocó la quiebra financiera de esa institución, que el próximo sábado cumplirá 250 años de haber sido fundada. 

[email protected]
",,https://www.eluniversal.com.mx//opinion/roberto-rock-l/convulsiones-en-el-sector-salud
"
El anuncio esta mañana de 15 de septiembre realizado por el presidente Andrés Manuel López Obrador de que solicitará hoy mismo al Congreso que se haga una consulta popular para que los ciudadanos decidan si se debe llevar a juicio a los expresidentes de la República que gobernaron de 1998 al 2018, ha tenido al menos dos lecturas.
Para algunos de los miembros de la autollamada Cuarta Transformación se trata de un acto de justicia de un gobierno que toma decisiones trascendentales acompañado de la opinión del pueblo.
Para los opositores es una jugada maestra del Presidente que, por un lado, busca desviar la atención sobre el manejo de la pandemia de Covid-19 que registra ya más de 70 mil muertes, y por otro, utilizarla como bandera política de lucha anticorrupción en la elección de 2021.
La Suprema Corte de Justicia de la Nación aún tiene que decir si la pregunta de la consulta solicitada por el Presidente es constitucional. Los opositores aseguran que la pregunta es claramente inconstitucional y que el Presidente lo sabe, por lo que si la Corte no da luz verde a la pregunta el mandatario quedará como un gobernante que quiso hacer justicia y combatir la corrupción de anteriores gobiernos, pero no se lo permitieron, por lo que todos los dividendos políticos serán para él.
Nos hacen ver que este es un asunto en el que en algunas semanas se podrá constatar si se trata de un acto legítimo de democracia participativa y lucha anticorrupción, o de una jugada política maestra.
¿Usted por cual vota?
grg
",,https://www.eluniversal.com.mx/nacion/bajo-reserva-expres-juicio-expresidentes-una-jugada-maestra
"

Hoy es la rifa del avión presidencial. Sabemos que no se rifa el avión y que los premios serán pagos en efectivo por 20 millones de pesos. Sabemos también que el avión y la propia rifa han sido motivo de amplia cobertura en las conferencias mañaneras del presidente López Obrador y de una movilización de funcionarios para hacerle publicidad al capricho. Algunos considerarán exitosa la estrategia porque ha mantenido el tema en la conversación pública por años. El episodio tiene muchos ángulos, más allá del efecto distractor que tiene sobre el debate político, es un reflejo de la forma de operar del presidente.

Se emitieron seis millones de boletos con un costo de 500 pesos cada uno. Solo para poner contexto y comprender mejor las probabilidades de ganar, los sorteos habituales de la Lotería Nacional emiten 60 mil boletos. Se obtendrán —suponiendo que se venden todos los cachitos y sin contar costos asociados— tres mil millones de pesos, de los cuáles dos mil millones se otorgarán en premios por el Instituto para Devolverle al Pueblo lo Robado (IDPR). Los mil millones de pesos restantes se usarán, de acuerdo con el presidente, en primer lugar, para el mantenimiento del avión dos años más (sí, se alargará la narrativa lo más posible) y en segundo, para la compra de equipo médico, más o menos 500 millones cada uno. Las compras prioritarias en material de salud fueron presentadas en la conferencia del 7 de febrero, previo a la llegada del covid-19 a México, y en esa ocasión se señaló un monto necesario de 2,500 millones de pesos. Ese mismo día, el presidente señaló que los recursos para los premios no necesariamente saldrían de la venta de boletos, sino de un fondo que el IDPR estaba creando de los decomisos realizados. Al día de hoy no sabemos cuánto hay en ese fondo o incluso si existe.

Ayer, en la conferencia matutina, el director general de la Lotería Nacional informó que se habían vendido hasta el momento un poco más de cuatro millones de boletos, 69.5%, reuniendo alrededor de 2 mil millones de pesos. Además sabemos que el Insabi repartió 7.8 millones de pesos en boletos de la rifa a la secretaría de Salud de Tabasco y entre el Instituto y el gobierno de Sinaloa dieron otros 19.5 millones. Se usan recursos de los contribuyentes para que las instituciones del estado compren boletos de una rifa para que a su vez los “premios” de la misma regresen, eventualmente, a las mismas instituciones. Preguntarse por qué no se usan los recursos para adquirir lo necesario directamente suena casi provocador. Así ha sido el manejo del affaire rifa-del-avión-sin-avión; cada capítulo se ha vuelto más delirante que el anterior, y más preocupante también.

El verdadero problema no es la rifa. Tampoco el avión. El problema está en la irrefrenable determinación del presidente para sacar adelante un absurdo. Un capricho que rebasa el sentido común y que compromete recursos públicos con la complacencia de funcionarios públicos. De ahí surgen inevitablemente dos cuestionamientos, ¿seguiremos pretendiendo que los problemas desaparecen mientras hablamos de una rifa? Y ¿qué le impedirá al presidente tomar caminos similares en otras materias quizás más relevantes que una aeronave? Al final del día, el avión será lo de menos.

@ValeriaMoy
",,https://www.eluniversal.com.mx//opinion/valeria-moy/el-avion-es-lo-de-menos
" 0 % PULSO SOCIAL0 Porfirio Díaz es un personaje polémico en la historia de México. Para algunos, el ex dictador es un villano que buscaba perpetuarse en el poder indefinidamente, un hombre que encabezó un régimen represor y cerrado a la crítica; por otra parte están aquellos que tratan de reivindicarlo y defienden su gobierno, sobre todo lo referente a los temas económicos de su administración.
Para nadie es un secreto que Díaz Mori fue una persona culta y que durante su gobierno disfrutaba de la opulencia que le daba su cargo como Presidente de México, pero su origen fue más humilde. Aquí en De10.mx te contamos la historia...
Porfirio Díaz Mori nació el 15 de septiembre de 1830 en la ciudad de Oaxaca. Fue el sexto de los siete hijos de José Faustino Díaz y Petrona Mori. Aunque de origen español, su padre era criollo, pues tenía mezcla de sangre india.

(Foto: Fototeca El Universal)
Los orígenes de Porfirio Díaz
Díaz narra en sus memorias, que cuando su padre se casó, por el año 1808, era dependiente de una empresa de minas que tenía las haciendas de beneficio de metales y minas anexas de Cinco Señores, San José y el Socorro, situadas en el Distrito de Ixtlán. Conducía plata de las haciendas a Oaxaca y, de regreso, llevaba el dinero para pagar las rayas (sueldos).
A pesar de ello, Díaz señala: “Mi padre era pobre cuando se casó. Mirando que a su mujer no le gustaba vivir en la Sierra de Ixtlán, se lanzó a correr fortuna y se trasladó a la costa que el estado de Oaxaca tiene en el Pacífico sin más fondos que el valor de los caballos y mulas con que llegó al Distrito de Ometepec: se estableció en él y se decidió a sembrar caña de azúcar”.
El padre de Díaz era un hombre arriesgado que siempre buscaba la oportunidad laboral que le diera a su familia una mejor calidad de vida. Tras mucho esfuerzo, y tras incursionar en el curtido de pieles, puso una tienda en el pueblo de Xochistlahuaca.
La familia de Porfirio Díaz posteriormente se mudó a la ciudad de Oaxaca donde comenzaron a prosperar, pero su bienestar terminó con la muerte del padre, José Faustino, en 1833, debido al cólera.
Porfirio Díaz tenía poco más de dos años cuando su padre falleció. Los pocos bienes que dejó su padre, los usó su madre para subsistir y en la educación de sus hijos.

(Foto: Fototeca El Universal)
Delfina y Carmen, las dos esposas de Porfirio Díaz
La infancia de Porfirio Díaz
Realmente se sabe muy poco sobre la niñez del dictador mexicano, pero lo que se tiene claro, es que era de sangre mitad española y mitad mixteca, y que su origen fue bastante humilde, pues él ya no pudo disfrutar de la pequeña fortuna amasada por su padre.
A medida que crecía, veía cómo se esfumaban los bienes materiales de su padre, debido a que su madre se deshizo de ellos para poder darles una buena educación a él y a sus hermanos.
Aprendió sus primeras letras en la primaria municipal, al mismo tiempo que latín en la parroquia de San Pedro Teococuilco. Por influencia de su tío y padrino, el canónigo José Agustín Domínguez, en 1843 ingresó al Colegio Seminario Conciliar de Oaxaca como alumno externo. Se le facilitaba el estudio de la lengua latina y era un apasionado de la teología.
Poco a poco, Díaz comenzó a escabullirse entre la alta sociedad oaxaqueña y, al verse impresionado por la personalidad de Benito Juárez, en ese entonces gobernador de Oaxaca, abandonó la carrera eclesiástica e inició estudios de leyes en el Instituto de Ciencias y Artes de Oaxaca.
A la par, comenzó a trabajar en varios oficios, como zapatero, carpintero y armero, para ayudar a la manutención de su casa.
 
(Foto: Fototeca El Universal)
Los hermanos de Porfirio Díaz
Porfirio Díaz fue el sexto de siete hermanos. Primero nació Desideria, luego Cayetano, Pablo, Manuela, Nicolasa, Porfirio y al final Félix.
Cayetano y Pablo murieron en la infancia. Desideria se casó, pero murió en 1867 a los 58 años de edad. Manuela murió en 1856, a los 27 años de edad, ella dejó una hija llamada Delfina, la cual nació en 1843 y se convirtió en la primera esposa de Porfirio Díaz en 1867 (sí, se casó con su sobrina).
De ese matrimonio nacieron ocho hijos. Delfina murió en 1880.

(Foto: Fototeca El Universal)
 
Video:


",,https://de10.com.mx/top-10/el-origen-humilde-de-porfirio-diaz
"

Desde que empezó a circular la versión de que Emilio Lozoya, exdirector general de Pemex, se alistaba para acogerse al criterio de oportunidad ante la Fiscalía General de la República (FGR), un nutrido y poderoso grupo de políticos y empresarios se aliaron en un frente común para enfrentar lo que sus declaraciones les puedan acarrear.

Se trata de expresidentes, exsecretarios de Estado, exsubsecretarios, legisladores y exlegisladores, gobernadores y exgobernadores, funcionarios en activo, políticos de prácticamente todos los partidos, empresarios y directivos de la iniciativa privada. Algunos tuvieron que ver con los enjuagues que relata Lozoya, otros no; algunos solo fueron a las fiestas en la casa de la colonia Anzures de la Ciudad de México —donde se reporta contrataban acompañantes y fluían sin recato alcohol y drogas—, y otros experimentaron el paquete completo (contratos, sobornos y juerga). El asunto es que hoy todos están en el mismo barco de incertidumbre por lo que ya declaró y puede seguir declarando Emilio Lozoya Austin.

Los integrantes de este grupo, que bien puede apodarse el TUCOL (Todos Unidos Contra Lozoya), no han sido necesariamente cercanos en el pasado. Muchos de ellos ni se conocían. Pero ahora los une el enfrentar no sólo al ex alto funcionario en el sexenio de Enrique Peña Nieto, sino también a lo que quieran hacer con el caso tanto la FGR, por el lado judicial, como el gobierno del presidente Andrés Manuel López Obrador, por el lado político.

Según me han revelado varios de los integrantes de este frente común, los empresarios están aportando dinero para preparar una defensa legal, conocer los alcances de los contactos Lozoya-FGR y saber en qué anda el exdirector general de Pemex. Los políticos, por su parte, mueven sus hilos e influencias —incluso desde adentro del aparato de gobierno— para tratar de tener información sobre cuáles son los planes lo mismo de la defensa del testigo colaborador que de la propia Fiscalía.

SACIAMORBOS

1.- El viernes en su conferencia mañanera, el presidente López Obrador adelantó que se prepara una iniciativa de reforma a la Ley Federal del Trabajo para regular el outsourcing. Veremos cuáles serán los alcances de esta reforma. Cuentan que un joven político, efímero gobernador de Chiapas, anda nervioso, no le vayan a cebar el negocio. A ver si no cambian el “¿Dónde está Wally? por “¿Dónde está Willy?”.

2.- Varios integrantes del gobierno obradorista, que se han declarado públicamente fans de Fidel Castro, deben estar preparando sus renuncias. No me imagino que toleren que el gobierno para el que trabajan haya apoyado la candidatura al Banco Interamericano de Desarrollo de uno de los líderes más notorios del exilio anticastrista cubano, Mauricio Claver. Por si el agravio en su contra no fuera suficiente, el apoyo a Claver implicó que México abandonara al candidato impulsado por la izquierda argentina y se pasara del lado del favorito de la derecha cubana y Donald Trump.
",,https://www.eluniversal.com.mx//opinion/carlos-loret-de-mola/se-arma-el-tucol-todos-unidos-contra-lozoya
"
El exmandatario Felipe Calderón Hinojosa afirmó que si el presidente Andrés Manuel López Obrador tiene pruebas en su contra, que las presente sin necesidad de consulta para enjuiciarlo.
A través de su cuenta de Twitter, el expresidente señaló que si no tiene pruebas ni acusaciones específicas, no hay consulta ni votación que valga y que debe dejar de hostigarlo y respetar sus derechos como cualquier ciudadano.
Esta mañana el presidente Andrés Manuel López Obrador informó que enviaría hoy al Senado de la República una solicitud para llevar a cabo una consulta ciudadana en la cual se le pregunte a la población sobre la posibilidad de enjuiciar a los últimos cinco expresidentes de México.
Ante ello, Calderón Hinojosa indicó que dicha petición es violatoria de garantías elementales, en lo referente a la presunción de inocencia, debido proceso legal, justicia por tribunal independiente, investigación exclusiva del Ministerio Público, protección de vida, honra y dignidad.
 

Si tiene pruebas fundadas contra mí, que vaya hoy y las presente ante el Fiscal , sin necesidad de consulta. Pero si no tiene pruebas y ni acusaciones específicas, no hay consulta ni votación que valga, debe dejar de hostigarme y respetar mis derechos como cualquier ciudadano.
 — Felipe Calderón (@FelipeCalderon) September 15, 2020

Leer también: Estos son los motivos que propone AMLO para enjuiciar a 5 expresidentes
Agregó que constituye un acto corruptor de la justicia, pues ejerce una presión ""abrumadora e indebida sobre fiscales y juzgadores, a través de la manipulación de la opinión pública, con la utilización de recursos públicos"".
Incluso, señaló que es una “clara muestra de persecución política y de abuso de poder”; advirtió que el Presidente está confundiendo la “República con un Circo Romano”.
“En lugar de acudir con pruebas a la fiscalía, pregunta a la multitud si se condena o perdona a inocentes, mostrando un dedo pulgar hacia arriba o hacia abajo. Un retroceso de miles de años en materia de justicia”, escribió en la red social.

""Que todo el que se queje con justicia tenga un tribunal que lo escuche, lo ampare y lo defienda contra el fuerte y el arbitrario”: José María Morelos. ¿Quién es hoy, en el día de México, el fuerte y el arbitrario? Más respeto al ideal de nuestros próceres, P @lopezobrador_
 — Felipe Calderón (@FelipeCalderon) September 15, 2020

Leer también: Contesta aquí si quieres que enjuicien a los expresidentes de México
La propuesta enviada al Senado incluye enjuiciar a los últimos cinco expresidente de México: Carlos Salinas de Gortari, Ernesto Zedillo Ponce de León, Vicente Fox Quesada, Felipe Calderón Hinojosa y Enrique Peña Nieto, antes, durante y después de sus respectivas gestiones.
hm
",,https://www.eluniversal.com.mx/nacion/calderon-reta-amlo-si-tiene-pruebas-que-las-presente
"

El presidente López Obrador funda buena parte de su gobernabilidad en la comunicación que hace desde sus mañaneras y en sus mensajes promocionales. Es a través de este tipo de comunicación que millones de personas forman su criterio sobre la 4T y, en particular, sobre el mandatario.

Pero las restricciones que la ley pone a funcionarios para comunicar durante las elecciones trastocarían su principal esquema de gobernabilidad el año entrante, de tal suerte que el gobierno federal tiene en marcha una estrategia para cambiar varias de éstas que datan de 2007:

Transmisión de mañaneras: la ley electoral y los criterios del Instituto Nacional Electoral (INE) y del Tribunal Electoral del Poder Judicial Federal (TEPJF) han sostenido, desde hace más de 10 años, que durante elecciones no se pueden hacer ruedas de prensa para actos de propaganda gubernamental. Éstas sólo se pueden realizar para temas de emergencias relacionados con educación, salud o protección civil, a fin de no alterar la equidad de la contienda.

El primer sancionado por dar una conferencia de prensa en elecciones locales fue Felipe Calderón, en 2010, por presumir sus logros en materia de seguridad. La autoridad electoral determinó que había violado la Constitución al hacer propaganda gubernamental.

El anterior criterio sigue tan vigente que el año pasado se sancionó a Canal Once con 250 mil pesos y al Sistema Público de Radiodifusión del Estado Mexicano con 594 mil pesos por llevar las mañaneras en Puebla cuando había proceso electoral local.

A pesar de ello, el Presidente ha decidido seguir con sus mañaneras y que éstas se vean en Coahuila e Hidalgo, aun cuando ambas están en proceso electoral. Así que van a usar estas dos entidades para buscar nuevos criterios y que las mañaneras continúen el año entrante que hay elecciones en el país.

Informes de labores: también están utilizando el Segundo Informe de labores de la Jefa de Gobierno de la Ciudad de México para asegurar que éstos se puedan realizar. Actualmente, Claudia Sheinbaum está en los días en que puede aparecer en medios de comunicación con mensajes alusivos a su Informe en la CDMX, pero como hay elecciones en el vecino Hidalgo y ahí se escuchan las estaciones de radio y TV de la CDMX, lo tendrían que detener para no afectar la contienda a favor de Morena. Tan es así que el PAN ya presentó una queja.

En síntesis, los partidos de izquierda idearon en 2007 un modelo de comunicación política con el ánimo de afectar en ese entonces al gobernador del Estado de México, Enrique Peña Nieto, y complicar su llegada a la Presidencia. Estas reglas han limitado mucho la comunicación presidencial, pero también han complicado la labor de los medios de comunicación y de los periodistas, al sujetarlos sin fundamento a procesos especiales sancionadores.

Es una buena idea que la 4T tenga una estrategia para romper el absurdo modelo de comunicación que idearon algunos políticos, la mayoría de izquierda. No deja de ser irónico que sea el primer presidente de izquierda el que quiera quitarse ataduras que sus correligionarios legislaron.

Ojalá que la 4T tenga éxito y que la flexibilización no sólo beneficie a los gobernantes de Morena, sino a todos los funcionarios, con independencia de partido. En cuestión de días sabremos si logran, ante el INE y el TEPJF, nuevos criterios. Sería un logro importante para la 4T, aunque no dejaría de ser sorprendente que lo consigan sin haber cambiado una sola ley.

Twitter:@JTejado
",,https://www.eluniversal.com.mx//opinion/javier-tejado-donde/la-4t-inicia-sabotaje-contra-modelo-de-comunicacion-politica
"

El dirigente opositor ruso Alexei Navalny publicó una foto en Instagram y anunció que ha vuelto a respirar sin ayuda de ventilación artificial tras lo que los médicos que lo tratan en Alemania consideran un envenenamiento.

Es la primera imagen pública de Navalny desde que fue envenenado.

El opositor ruso regresará a Rusia, según ha anunciado su portavoz, Kira Yarmiysh.

""Me resulta desconcertante que alguien piense en otra cosa"", publicó Yarmysh en Twitter.

Navalny sufrió un ataque durante un vuelo que partió de Siberia el 20 de agosto. Las pruebas realizadas en Alemania han revelado que fue envenenado con el agente nervioso Novichok.
 El político ruso fue trasladado al hospital Charité, en Berlín, donde se recupera.

Su equipo ha denunciado que fue envenenado por orden del presidente ruso, Vladimir Putin. El Kremlin ha negado toda relación con los hechos.
 Lee más: Alexei Navalny: las dos horas que le salvaron la vida al opositor ruso crítico de Putin 

El hospital ruso en el que primero fue atendido no confirmó la intoxicación de Navalny, pero las pruebas realizadas en Alemania han revelado la presencia del Novichok, que también estuvo presente en el ataque contra el ex espía ruso Sergei Skhipal en Reino Unido en 2018.

Reuters
 
Navalny ha sido durante años uno de los más activos opositores a Putin.

""Hola, soy Navalny. Los he extrañado. No puedo hacer mucho aún, pero ayer logré respirar sin ayuda durante todo el día"", escribió Navalny junto a su primera foto desde el hospital.

""Yo solo, sin ayuda, ni siquiera una válvula en la garganta. Me gusta mucho. Es un proceso notable que muchos subestiman. Altamente recomendable"", añadió Navalny.
 Navalny ha sido durante años uno de los más activos opositores al poder de Putin en Rusia.

La noticia de su regreso al país indica que Navalny no tiene intención de aparcar su labor política.

Al ser preguntado sobre el tema, el portavoz del Kremlin, Dimitri Peskov, rechazó una posible reunión entre el presidente ruso y Navalny si este retorna a su país.

""No vemos la necesidad de esa reunión, así que creo que no va a a tener lugar"", dijo Peskov, según la agencia Iinterfax.

lsm
",,https://www.eluniversal.com.mx/mundo/foto-el-lider-opositor-ruso-tras-despertar-del-coma-por-su-envenenamiento
"
Corría la década de los noventa en la facultad de Derecho de la UNAM, donde coincidieron dos jóvenes estudiantes que a la postre acumularían mucho poder en la capital del país, pero también serían recordados por su mala gestión y negocios multimillonarios.
Cuando Miguel Ángel Mancera y Fausto Galván Escobar lograron graduarse, no sabían que se convertirían en políticos con mucha suerte y artífices del famoso cartel inmobiliario de la CDMX. En esos años, el joven abogado Galván Escobar trabajaba como agente de ventas de la inmobiliaria BAITA, de la que con el tiempo se convertiría en apoderado legal y contrataría como abogado externo a su viejo amigo de la facultad, Miguel Ángel Mancera.
La inmobiliaria BAITA, donde los dos amigos comenzaban a hacer sus primeros negocios, era propiedad del ingeniero Simón Neumann Ladenzon, empresario de la comunidad judía. Los tres personajes se entendían bien y con el tiempo se convirtieron en socios.
En esa época, Fausto Galván le vendió un departamento a Miguel Ángel Mancera al sur de la CDMX, en la colonia La Joya, en Tlalpan, donde este último viviría con su madre. Después le ofrecería otra propiedad en un nuevo desarrollo ubicado en la calle Cruz Verde, en la colonia Los Reyes, Coyoacán. Comenzaba a fraguarse lo que sería una amplia red de intereses y negocios millonarios al amparo del poder.
La relación entre los dos abogados y el ingeniero se fue fortaleciendo y era cada vez más cercana, al grado de que cuando Mancera llegó a ser procurador, cerró todas las denuncias que había contra Simón Neumann y BAITA. De igual forma, todos los contratos para tareas de construcción y remodelación en la procuraduría fueron otorgados a una empresa recién creada por Fausto Galván.
La suerte les siguió sonriendo y durante la campaña de Mancera a jefe de Gobierno, Neumann y Galván fueron los encargados de “pasar la charola” entre los empresarios inmobiliarios de la ciudad, con la promesa de que cuando Mancera ganara nombraría a Neumann como secretario de Desarrollo Urbano y Vivienda. Y así fue: Miguel Ángel Mancera ganó la elección y le dio a Simón Neumann la titularidad de la Seduvi, desde donde inundó la ciudad con construcciones y permisos, muchos de ellos irregulares, según las denuncias, depredando zonas protegidas y ampliando polígonos en las 16 alcaldías.
Por su parte, en 2013 Fausto Galván fue nombrado coordinador General de Gestión para el Crecimiento y Desarrollo de la Ciudad, en la Secretaría de Desarrollo Económico (Sedeco), desde donde creó su propia inmobiliaria y se encargó de cobrar las cuotas por permisos y demás negocios que hacía con sus dos amigos. Desde esa posición y mediante la firma de contratos millonarios, le otorgó la cartera vencida del Instituto de Vivienda de la CDMX (INVI) y de otras dependencias de gobierno, a otro viejo amigo del clan: el abogado Luis Osorio.
Al final, Osorio terminó por quedarse también con el departamento de la calle Cruz Verde, en Coyoacán, el mismo que Galván le había dado a Mancera años atrás.
En octubre de 2014, luego de meses de presiones por parte de asociaciones de vecinos y de algunos diputados y delegados, Simón Neumann fue removido del cargo en medio de señalamientos de corrupción y acusaciones de violaciones a los usos de suelo y permisos irregulares. Por su lado, Fausto Galván duró en su encargo hasta principios de 2018.
La gestión de ambos pasaría a la historia como una de las más desastrosas y de presunta corrupción de las que se tenga memoria.
Otro beneficiado del clan que controlaba el llamado cartel inmobiliario fue el abogado Marco Antonio Velasco Arredondo, quien era pasante y amigo de Miguel Ángel Mancera y a quien este último designó para hacerse cargo de todos los asuntos y negocios relacionados con la inmobiliaria BAITA. A principios de 2018, Velasco Arredondo fue premiado por Mancera, pues lo nombró Magistrado en el Tribunal Superior de Justicia local, donde continúa actualmente.
La historia del tristemente célebre cartel inmobiliario de la Ciudad de México tiene muchos actores y beneficiarios, pero sin duda Simón Neumann y Fausto Galván fueron dos de sus protagonistas más importantes y menos recordados.
Ambos fungieron como bisagra entre servidores públicos y desarrolladores inmobiliarios.
Es una historia mucho más compleja y con más aristas, sobre la cual la actual jefa de Gobierno de la CDMX, Claudia Sheinbaum, tiene pleno conocimiento y está actuando en consecuencia.
 

@MarioMal[email protected]
",,https://www.eluniversal.com.mx//opinion/mario-maldonado/tres-amigos-y-un-cartel-inmobiliario-en-cdmx
"
Aguascalientes.- La alcaldesa panista Teresa Jiménez Esquivel fue bautizada como #LadyNetflix por su participación en “Se Busca Papá”.
La presidenta municipal recibió una cadena de críticas por gastar recursos en promocionar su imagen cuando la gente está sin agua en Aguascalientes y las calles llenas de baches.
En la película, la alcaldesa da un banderazo a una carrera de bicicletas, en la que quiere participar la protagonista de la película. Esto ocurre casi al final de la cinta.
“Por favor ayuden a parar a esta mujer, no es posible que estemos sin agua y ella haciendo inversión en películas”, expresó Lupe Campos en su cuenta de Twitter.
 

Por favor ayuden a parar a esta mujer, no es posible que estemos sin agua y ella haciendo inversión en películas.#LadyNetflix pic.twitter.com/dR22dopPDn
 — Lupe Campos (@lupis_camp) September 14, 2020

También fue ridiculizada en una serie de memes en los que se exhiben las calles con hoyancos y las deficiencias en servicios públicos.
“En el municipio de Aguascalientes tenemos el peor servicio de agua en el país”.
Teresa Jimenez ejerce su segundo periodo consecutivo como presidenta municipal, y es mencionada como probable candidata del PAN para la gubernatura.
Lee también: Propone candidata panista prevenir suicidios ¡con elotes!
afcl/ml
",,https://www.eluniversal.com.mx//estados/alcaldesa-aparece-en-pelicula-de-netflix-y-desata-criticas
"
Desde el Antiguo Palacio del Ayuntamiento, la jefa de Gobierno, Claudia Sheinbaum, conmemoró el 210 aniversario de la Independencia de México.
“Hoy que estamos en una situación distinta, compleja, frente a la pandemia, pero no por ello menos emotiva y de reconocimiento de la historia de nuestra patria. Hoy viviendo un momento histórico muy especial en nuestro país, decimos de la Ciudad de México, ¡Viva México! ¡Vivan los héroes que nos dieron patria!”, dijo.
 
Por su parte, la directora del Fideicomiso del Centro Histórico, Loredana Montes, recordó la participación de mujeres en el movimiento independentista como Leona Vicario y Josefa Ortíz de Domínguez, así como a Altagracia Mercado, Catalina Gómez de Larrondo, Gertrudis Rueda, madre de Nicolás Bravo; María Josefa Domínguez; Antonia Nava; María Tomasa Esteves, quienes han sido poco resaltadas, aseguró.
 
“Podremos ver a mujeres que se entregaron a la causa de muy diversas maneras y desde distintas trincheras, algunas de ellas perdieron su fortuna económica financiando el movimiento como el caso de Leona Vicario, otras se prestaron para convencer a los soldados realistas de pasarse al bando de los independentistas o bien pusieron su vida en peligro para obtener información de los soldados del virrey. 
 
“Algunas tomaron directamente las armas así como las que conspiraron facilitando sus casas para sus reuniones y formando ellas mismas parte de tales tramas, como mensajeras, y hubo las que le dieron cobijo a los insurrectos, así como las que entregaron hijos a la causa de la independencia”, dijo.


Foto: Especial 
 
 
lr
",,https://www.eluniversal.com.mx/metropoli/sheinbaum-conmemora-el-210-aniversario-de-la-independencia-de-mexico
"

En medio de la crisis que padece el mercado laboral por la pandemia del Covid-19, el gobierno federal plantea un drástico recorte al gasto destinado para el Programa de Apoyo al Empleo, que pasará de un presupuesto de 704.8 millones en 2020 a 55.5 millones para el próximo año.

Este programa tiene como objetivo promover la colocación de desempleados en un puesto de trabajo o actividad productiva, mediante la prestación de servicios o apoyos económicos o en especie, para capacitación, autoempleo y movilidad laboral.

Debido a las medidas de confinamiento para evitar la propagación y contagio del coronavirus, se perdieron un millón 117 mil 584 trabajos entre marzo y julio de este año, una letalidad de 5.2 plazas por minuto.

Apenas el sábado pasado, el IMSS dio a conocer que en agosto se generaron 92 mil 390 empleos formales, lo que rompió con la racha negativa, aunque el déficit para resarcir el daño del virus SARS-CoV-2 es amplio.
 También lee: Empleos: ¿cuál es la prioridad? (EDITORIAL)

En el Servicio Nacional de Empleo, la Secretaría del Trabajo y Previsión Social y los estados comparten el manejo del Programa de Apoyo al Empleo. Cada entidad tiene asignados recursos por parte del gobierno federal y estatal para desarrollar las actividades asignadas de acuerdo con sus necesidades.

Estas acciones son acercar a los desocupados y las empresas, encargándose de la promoción; organizar ferias de empleo, y apoyar a personas que pierden su trabajo con el pago de un salario mínimo por un mes, bajo la condición de que se capacite.

Estas medidas permiten al desempleado no perder el contacto con el mercado laboral y ganar otros conocimientos.
 

El presidente del Centro de Estudios del Empleo Formal (CEEF), Armando Leñero, explicó que la iniciativa refleja un desinterés por dar oportunidades laborales en el sector formal.
 También lee: Desempleo por Covid: ""Desesperación me lleva a vender mis órganos""

“No da estímulos ni escucha al empresariado, pero recorta oportunidades de capacitación, que son el objetivo del Programa de Apoyo al Empleo”.

EL UNIVERSAL pidió la postura de la Secretaría del Trabajo sobre el recorte al presupuesto del programa, pero al cierre de la edición no tuvo respuesta.

Tijeretazo recurrente

La decisión de reducir recursos para este programa no es nueva. En 2017 comenzaron los recortes más significativos. El presupuesto del programa fue de más de 911 millones de pesos para ese año, un decrecimiento de 58.1% respecto a 2016.

En 2018 mejoró el presupuesto, al ser de 975.4 millones de pesos, pero vino una continua baja. Para 2019, la bolsa autorizada fue 722.9 millones y en 2020 se destinaron 704.8 millones, y ahora la iniciativa es que cuente sólo con 55.5 millones.

El programa, que se implementó desde 2001, muestra que en 2019 capacitadores afiliados a este proyecto insertaron en el mercado laboral a 112 mil 254 mexicanos, 4 mil 542 de ellos en la Ciudad de México.

Sacrificio de recursos
 

El presidente del CEEF criticó esta propuesta que el Ejecutivo envió la semana al Congreso y que deberá ser evaluada y en su caso aprobada a más tardar el 15 de noviembre próximo.

“Están redistribuyendo los ingresos en algunos programas para aplicarlos a otros que son prioritarios para el Presidente, como Jóvenes Construyendo el Futuro, Sembrando Vida y las construcciones faraónicas que están llevando a cabo.
 También lee: ¿En qué consiste el Seguro de Desempleo?

“Están viendo dónde creen ellos que son menos importantes los recursos para reubicarlos a otros programas y proyectos. Nos preocupa que se les den más apoyo a estos jóvenes que a la gente que trabaja y que tienen un ingreso familiar”, destacó.

Aseguró que bajar los recursos al programa de apoyo “es garantía de una muerte lenta en programas, que si bien no fueron desarrollados en este sexenio, apoyan a la población”.

En su opinión, es difícil que se pueda reorientar el gasto a programas como el Programa de Apoyo al Empleo, “porque lo que hemos visto es que hay un desinterés total de apoyar al trabajo formal y más bien buscan dar apoyos y ayudas en general”.

Leñero dijo que el panorama para los mexicanos será seguir empleándose bajo subcontratación e informalidad laboral.

La población ocupada en el sector informal de la economía representa 27.3 millones, 1.7 millones más que en junio de este año, indican datos del Inegi.
",,https://www.eluniversal.com.mx//cartera/la-4t-deja-en-los-huesos-plan-de-apoyo-al-empleo
"
Entre 40 y 50 hombres cubiertos con pasamontañas, que portaban armas largas y cortas, algunos de los cuales con chamarras negras con las siglas de la Agencia de Investigación Criminal de la Fiscalía General de la República, irrumpieron de noche en un domicilio del fraccionamiento Valle Escondido, ubicado en Atizapán, Estado de México.
Los agentes fingían llevar a cabo un cateo, como relaté en la entrega de ayer, porque habían recibido información de que el propietario de la casa, al que se ha identificado como Eduardo Natividad Maqueda, socio de Mava Group México, quien a la sazón se hallaba en Europa, guardaba en algún lugar de la casa una maleta negra con varios millones de dólares.
Un policía municipal de Atizapán que fue invitado a tomar parte en el “cateo”, y que más tarde se volvió testigo colaborador, visitó horas antes el fraccionamiento en el que los agentes darían el golpe. Acompañaba a un excomandante de inteligencia de ese municipio, Jorge Adrián Castro, quien iba a ponerse de acuerdo con el personal de seguridad que había dado el pitazo.
El testigo colaborador vio que Jorge Adrián hablaba con un hombre al que le decían El Gordo (su nombre, Rafael Almaraz, ex comandante de Vialidad y Tránsito en Playa del Carmen). Por esos días, El Gordo prestaba sus servicios como escolta a un vecino del fraccionamiento, un supuesto líder de la CTM.
Lo interesante es que el testigo colaborador vio también a otros dos sujetos, “dos hombres parados que parecían escoltas, uno de ellos de aproximadamente 45 años, de complexión robusta”, cuya seña particular es que “tiene en el brazo derecho tatuajes en forma de grecas de color negro y en el brazo izquierdo también tiene tatuajes de colores”.
El segundo era un hombre “moreno oscuro”, de complexión delgada, de aproximadamente 40 años, “que traía fajada a la altura de la cintura del lado derecho una pistola tipo escuadra de color negro”.
Fuentes de la fiscalía del Estado de México han determinado que estos hombres formaban parte del personal de confianza del empresario robado. Fueron ellos quienes planearon el robo y quienes movieron la ambición de policías estatales del Edomex, municipales de Atizapán y Tultitlán, de policías de la ciudad de México, y de elementos de la Agencia de Investigación Criminal de la Fiscalía General de la República.
Impresiona la facilidad con la que se armó la red. El testigo colaborador calculó que 40 elementos habían participado en el “operativo”. Otras versiones señalan que el comando estuvo formado por 50 agentes.
Cada vez surge más información sobre una práctica común entre los policías: la de realizar cateos, más que con el fin de atrapar delincuentes, con objeto de localizar el sitio en que estos guardan sus valores, a fin de robárselos y repartirlos en sentido contrario de como se barren las escaleras: de abajo hacia arriba.
¿Qué tan arriba? Fuentes del gobierno federal dicen que pronto habrá sorpresas.
“Ya tienen conocimiento de que vamos por papel (dinero)”, dijo aquella noche un hombre identificado como el comandante Rogelio Martínez, quien portaba una chamarra de la AIC. “Esta vez no agarren nada, no Tablet, no celulares, nada electrónico, no queremos que caiga el pedo por mamadas. Ya saben, entramos por ‘la muñeca’ (dinero y objetos de valor) y salimos. Quien trae armas largas a la derecha, las cortas en medio y los demás ya saben qué hacer”, agregó.
Esa noche, los agentes y sus “madrinas” encontraron una maleta negra tan pesada que tuvieron que cargarla dos hombres. Parte del botín fue repartido afuera de la instalaciones de la AIC.
Las cámaras del domicilio robado, del fraccionamiento Valle Escondido, así como las de la infraestructura metropolitana, permitieron a las autoridades detectar los vehículos que habían tomado parte en el falso cateo. Algunas unidades, arrendadas por la Fiscalía General de la República para completar su flotilla, contaban con GPS. El rastreo satelital hundió a varios de los participantes.
A partir del análisis de estos videos y de testimonios obtenidos en las primeras diligencias, la fiscalía del Estado de México informó a la FGR que varios elementos de la Policía Federal Ministerial estaban relacionados con los hechos.
La FGR se movilizó y aprehendió a siete de sus elementos (hay otros tres que están prófugos) Fueron aprehendidos, también, seis integrantes de otras corporaciones. El resto de los participantes, así como quienes planearon y organizaron el robo todavía se encuentran prófugos.
El resumen es para ponerse a temblar. Hace apenas seis meses, más de 40 policías y expolicías federales, estatales y municipales, se reunieron de noche para ir a robar a un fraccionamiento exclusivo. Todo a partir de información brindada por escoltas y personal de confianza.
Muchas cosas huelen mal. Como la formación de un convoy de policías que marcha por las calles sin reparar en que estas están infestadas de cámaras de vigilancia (¿o será que el grupo tenía garantías de que nada le iba a ocurrir?).
Después del robo, el testigo colaborador recibió una llamada de Jorge Adrián Castro, quien le dijo que le había salido “una orden de tacos” (una orden de aprehensión), “pero ya estamos arreglando esa situación”.
En el cateo “pirata” de Valle Escondido se asoma un México que no se quiere ver. Uno que la nueva FGR tendrá que limpiar, si quiere convencernos de que en verdad se está procurando un cambio. 
",,https://www.eluniversal.com.mx//opinion/hector-de-mauleon/gente-de-confianza-en-el-robo-de-valle-escondido
"

Hace más de medio siglo que José Alfredo Jiménez escribió “los mariachis callaron” en una de sus célebres composiciones. Hoy, debido al coronavirus, esas palabras se convierten en realidad, y por primera vez en la historia de México, el mariachi no celebrará las fiestas patrias.

“No hay apoyo ni particular, ni gubernamental. El mariachi, la música tradicional, fueron en gran parte los detonantes para que surgiera el México independiente. ¿Acaso los vamos a dejar morir?”, dice el cantante Alberto Ángel a EL UNIVERSAL.

De acuerdo con El Cuervo, fue la música mexicana, aquellos sonecitos que empezaron a surgir en la Nueva España y que fueron transmitidos por el mariachi, los que hicieron que surgiera un sentimiento de pertenencia y nacionalismo que culminaron en una lucha por la libertad.

2 MIL MÚSICOS trabajan actualmente en la Plaza Garibaldi como mariachis, tríos, norteños y jarochos.
 

“Exacerbaba los sentimientos de pertenencia a la tierra, así surgen el Jarabe de San Luis Potosí, de Michoacán, de Jalisco, que muchos años más tarde, por me dio de los arreglos del maestro Miguel Ríos Toledano, constituirían lo que hoy conocemos como el ‘Jarabe Tapatío’, que actualmente se toca en todas las regiones del país”, cuenta.
 También lee: Covid apagó fiestas patrias en AL y El Caribe

Para grandes exponentes de la música mexicana como Aída Cuevas, es un gran dolor saber lo que sufren sus compañeros.

“De todos los músicos los más afectados son los mariachis, los mariachis de Garibaldi viven al día, de la gente que va a echarse el ‘palomazo’, que pide serenata. Yo he tratado de ayudarles a mi manera, llevándoles comida y despensa, pero no es suficiente. Estamos formando una fundación”, explica Aída Cuevas.

3 MIL PESOS por una hora es lo que cobra un conjunto de mariachi de 10 elementos en la Plaza. Inician a las 15:00 hrs.

 

#VivaMéxico Celebra la noche mexicana con esta playlist https://t.co/NZdN4fXnGI
 — Univ_Espectaculos (@Univ_espect) September 15, 2020

 

Por su lado, Arturo Vargas, vocalista del Mariachi Vargas de Tecalitlán, enfatiza que además de un apoyo gubernamental, debería enseñarse a las nuevas generaciones la riqueza cultural de la música mexicana.

“No sólo el mariachi, también la música norteña, la banda, la chiapaneca, la oaxaqueña... uno como mexicano necesita estar orgulloso para seguir dando a conocer nuestra música en todas partes del mundo”.

Gillermo perdió a sus padres y a 50 colegas
 
Esta era una de las mejores fechas para Guillermo; sin fiestas, teme que nadie lo contrate hoy. Foto: Germán Espinosa. El Universal
 

Tras una vida alegrando las fiestas de muchos mexicanos con el mariachi en Plaza Garibaldi, Guillermo Valencia no sólo perdió su trabajo en unos meses, también a sus padres y a varios compañeros que, por buscar que los contrataran aunque sea una hora, murieron de Covid-19.
 También lee: Ante Covid-19, decretan ""ley seca"" por fiestas patrias en Iztapalapa
 “Mis papás acaban de fallecer hace cuatro meses. Los gastos y todo se te va para abajo. Mi papá murió de cáncer de próstata y mi mamá de diabetes tipo 2. Se me juntó todo.
 “Estamos muy mal y con miedo a contagiarnos, ya van como 50 que murieron de coronavirus, muchos conocidos nuestros, la mayoría gente mayor que ha tenido toda su vida aquí (en Garibaldi)”.

“Mis papás acaban de fallecer hace cuatro meses, todo se te va para abajo. Estamos mal y con miedo we b a contagiarnos”
Guillermo Valencia, músico


El músico comentó que el 15 de septiembre era uno de los días más fuertes y en donde eran contratados por varias horas, ahora, augura que no los contraten.
 “Llega el 15 y nadie va a trabajar y eso sí nos afecta mucho”.
 También lee: En fiestas patrias ¡Quédate en casa!, pide López-Gatell
 A pesar de todo, darse por vencidos no es una opción y así como Guillermo, son cientos de mariachis los que en Garibaldi siguen entonando sus canciones para ser escuchados por los transeúntes.

""Confío en que hoy va a venir mucha gente""
 Caleb mantiene una actitud positiva, dice que a la gente le hace falta tener música en su vida. Foto: Germán Espinosa. El Universal

Para el músico Caleb Hidalgo, quien lleva más de 20 años trabajando en Plaza Garibaldi, su familia fue una de las razones por las que pudo subsistir durante los casi seis meses que no tuvo trabajo.
  “Tuvimos que buscar cómo subsistir de otra manera, ver la posibilidad de trabajar en otra cosa, a algunos nuestros familiares nos ayudaron, porque somos gente no asalariada”, cuenta.
  “Nosotros estamos desde las cinco de la tarde y terminamos a las cinco de la mañana, pero aquí se cierra todo a las 10 de la noche”, lamenta.
  Caleb comparte entusiasta que espera que hoy la gente se anime a escuchar la música de mariachi, a pesar de lo difícil de la situación.

“Tuvimos que buscar cómo subsistir de otra manera, ver la posibilidad de trabajar en otra cosa”
Caleb Hidalgo, músico


 “Yo creo que va a venir mucha gente, porque a pesar de la pandemia la gente es fiel y viene a contratarnos, a apoyarnos, la gente extrañaba todo esto, la música”.
Señala que son poco más de 2 mil personas las que laboran como mariachis, tríos, norteños y jarochos en Garibaldi. 
 “Ahorita ya se ha compuesto un poquito, pero en los meses anteriores no había nada de gente, nosotros veníamos a trabajar para tratar de sacar para comer pero teníamos que irnos a nuestras casas porque no había nada.
 “Ya fallecieron varios; acaba de morir un compañero hace 15 días, estoy hablando de los tríos; también de norteños me parece que murieron dos personas. De mariachis sí han sido muchísimos”. 

""Hemos estado cayendo y levantando""
 Juan Delgadillo lleva trabajando más de 50 años en Garibaldi. Foto: Germán Espinosa. El Universal

“Cayendo y levantando”. Así es como expresa su situación actual Juan Delgadillo Curiel, músico que por más de 50 años ha trabajado con los mariachis de Plaza Garibaldi, con quienes ha padecido diversas vicisitudes los últimos meses al tratar de desempeñar su profesión. 
 “Hemos estado como dice la canción (‘Una sola caída’, del compositor Rubén de Pénjamo) ‘cayendo y levantando’, Los clientes siempre vienen por nosotros, pero ahorita no por esta cuestión (la pandemia), sólo podemos trabajar una hora o dos a lo mucho y ya”, cuenta.
  “Por ejemplo, si es un edificio, nos dicen los policías: ‘desalojen el sitio’, porque la gente no lo permite también por el contagio, el miedo siempre está latente y luego protestan los vecinos”, añade.
  Juanito, como le dicen sus compañeros, al igual que muchos otros mexicanos, no pudo hacer cuarentena en casa; diariamente tuvo que arriesgarse al contagio para llevar alimento a su casa y a pesar de ello, celebra la vida y lucha para salir adelante de esta mala situación.
  “Aquí estamos todavía vivos porque muchos compañeros ya nos abandonaron, se ha hablado como de 50 personas (mariachis de Garibaldi) que han muerto por el virus”, lamenta.
  El músico señala que sólo en una ocasión se acercaron a ver la situación de él y sus compañeros de Garibaldi, y fue cuando recibieron ayuda.
  “Por parte de trabajo social, pero fue única, no alcanza, hay mucho gasto, hay que pagar luz, comida... ahorita hay semanas que no hay nada”. 
",,https://www.eluniversal.com.mx//espectaculos/y-los-mariachis-callaron-covid-les-arrebata-clientes-y-trabajo
"
“Los Clásicos son un medio para que la gente esté contenta y el orgullo de nuestra afición esté a tope; hay que ganar Clásicos, pero lo más importante es ganar el título”. Esta declaración ha sido repetitiva por parte de Miguel Herrera en sus dos etapas como entrenador del América. Y tiene razón. En una institución como esa, todo lo que no sea ser campeón es un fracaso.
Sin embargo, para el partido del sábado en el Estadio Azteca, el primer juego oficial ante el Guadalajara en la nueva normalidad, ni Miguel ni los jugadores tienen pretexto alguno que les permita quitarse la responsabilidad de ganar.
Ya en la Copa por México (de pretemporada), sufrieron un revés en las semifinales que le dio fuerza a la estupidez que ha sido una constante en las redes sociales, el #FueraPiojo, por lo que ahora, que es en la Liga, deben ganarlo y hacerlo de manera convincente, sin dejar espacio a la duda y a la polémica.
El América llegará a este duelo con bajas importantes y, aunque Herrera ha hecho ajustes en su línea defensiva, la ausencia de Bruno Valdez sigue pesando. Otra posible baja para destacar es la de Federico Viñas, a quien esperarán hasta el último momento para saber si podrá jugar. El uruguayo tiene cinco goles y ha hecho una buena pareja con Henry Martín.
El que no estará es Roger Martínez, pero —a decir verdad— nunca ha estado con el equipo. Nada de esto, y que quede claro, disculpa una posible derrota ante las Chivas. Ambos equipos han sido dos caras a lo largo del Guardianes 2020 y durante los partidos.
 

 
 Han sido pocos los juegos en los que se les ha visto un equilibrio, aunque han obtenido resultados que los tienen en cuarto (América) y sexto lugar (Chivas), con una diferencia de cinco puntos.
Puedes leer: ""Vucetich tiene plantel completo en Chivas para enfrentar al América""
En esa y otras estadísticas, las Águilas han sido mejores, pero eso no es lo importante; lo que importa es que Herrera y los jugadores den el golpe de autoridad que se espera, que ganen y lo hagan con el mejor futbol, que ejecuten los conceptos de su entrenador como debe ser y que eviten tonterías.
Eso es lo que necesita el americanismo en estos momentos, ese americanismo que coincide con Miguel en que lo más importante es ganar títulos, pero que espera, sin pretexto alguno, que humillen al Guadalajara. Por el otro lado, nada que presumir.
Chivas ha ganado de miseria, sin mostrar nada novedoso o ambicioso. Llegar a un Estadio Azteca vacío debe darle tranquilidad y encarar, lo que diferencía del América, el partido que salve la temporada.
Para un club que lleva cinco torneos sin acceder a la Liguilla, su prioridad es precisamente esa: regresar a una fase final, y ahora con 12 equipos, si no lo hace sería un estrepitoso fracaso. Mientras el América tiene como objetivo único el título, Chivas se conformaría, y cumpliría, estando en la Liguilla.
@gvlo2008 - [email protected]
 
",,https://www.eluniversal.com.mx//opinion/gerardo-velazquez-de-leon/humillacion-en-el-clasico
"

Salma Hayek  es una de las mexicanas con más estilo y para nosotras es un gran ejemplo a seguir.
Salma Hayek con su talento y trabajo duro ha puesto el nombre de México en alto. Además, cuando se trata de sus elecciones a la hora de vestir nunca nos decepciona y nos da cátedras sobre cómo lucir fabulosas a los 20, 30, 54 años y a cualquier edad. 


La veracruzana que con frecuencia nos comparte las mejores fotos y los looks más candentes robó las miradas de todas las fashion lovers con uno de las bolsas más buscados de la temporada y nosotras te diremos todas las razones. 
Leer también: Salma Hayek nos demuestra que es arte…en toda la extensión de la palabra
En una de sus publicaciones más recientes en Instagram, Salma nos presumió un look extremadamente casual con una t-shirt color rosa, unos skinny jeans negros y una bolsa tote de la lujosa marca italiana Gucci. 



El bolso Gucci Off the Grid es una de las piezas más top que ofrece la casa liderada por  Alessandro Michele, pues se encuentra hecho con materiales reciclados como redes de pesca almidonadas, desechos plásticos y nylon regenerado. 

Foto: Gucci 
Este es uno de los bolsos que ha robado la mirada de las fashionistas, pues su practicidad y elegancia lo hacen una pieza que va con casi todos los outfits que puedas imaginar. Su precio de salida es de 1,290 euros, y equivale a 32 mil 218 pesos. 
Ahora que si no eres fan del negro, te contamos que también hay en color amarillo, además de tenerla en su icónico estampado beige con ébano. 
Foto: Gucci  
Sabemos que los bolsos tote son una de las piezas que no pueden faltar en el armario femenino, además de ser prácticos, son accesorios muy combinables. Recuerda tener uno negro siempre a la mano ya en esos días donde muchas prefieren un outfit casual, este tipo de bolsas serán tus aliadas. 
 
",,https://www.eluniversal.com.mx/de-ultima/salma-hayek-presume-bolso-de-lujo-elaborado-con-materiales-reciclados
